beta_0_init,k_init,lambda_init,f_1_init,f_2_init,dif,xi,beta_0_fit,k_fit,lambda_fit,f_1_fit,f_2_fit,rmse
5,1,0.5,0.3,0.6,0.2857142857142857,0,3.4638574074895434,0.45767101304213703,0.30622810503130515,0.9734732237926818,0.018450866803031596,9.489393101016459
10,1,0.5,0.3,0.6,0.2857142857142857,0,3.4524715755065416,0.4787932361752709,0.31988649029794247,0.9920158094238403,0.7208039642561369,8.452804370633263
15,1,0.5,0.3,0.6,0.2857142857142857,0,3.5074525019261316,0.4123647291185477,0.27806132136501593,0.9091223376202686,0.7326195615649324,9.314552470461178
20,1,0.5,0.3,0.6,0.2857142857142857,0,3.473972032388497,0.4534585026973835,0.3042873921816842,0.9599862001443943,0.7123574748864876,8.736044341429304
5,2,0.5,0.3,0.6,0.2857142857142857,0,3.460934900976791,0.46151159321889734,0.30897981306048217,0.9778252429950086,0.04651759475736905,9.45015880507952
10,2,0.5,0.3,0.6,0.2857142857142857,0,3.4763696689825796,0.45187897110556874,0.30256669896411637,0.9573017191003748,0.7131127006327048,8.76263663392268
15,2,0.5,0.3,0.6,0.2857142857142857,0,3.4895968960244295,0.43400746618475194,0.29233165593203675,0.9354525930396691,0.7180273127983842,8.990012983278014
20,2,0.5,0.3,0.6,0.2857142857142857,0,3.470596687471077,0.452028339021056,0.3031829994864427,0.9648447525603259,0.08423286917566003,9.51675491805398
5,2.5,0.5,0.3,0.6,0.2857142857142857,0,3.442231076649298,0.483959788500291,0.32376884093040187,0.9987937115720852,0.7174179259797092,8.405497079460272
10,2.5,0.5,0.3,0.6,0.2857142857142857,0,3.469547983944319,0.45822470319709824,0.3071111265066649,0.965920704128088,0.7148224724794391,8.67905248640341
15,2.5,0.5,0.3,0.6,0.2857142857142857,0,3.461897925262416,0.4601178630478172,0.30819859600704014,0.9759704656881746,0.06415789099019037,9.453667171075633
20,2.5,0.5,0.3,0.6,0.2857142857142857,0,3.449803722821605,0.4734787510775084,0.3158382142391866,0.9929513126103333,0.009237956691395377,9.380871963438134
5,1,1,0.3,0.6,0.2857142857142857,0,3.463833576481319,0.4647303220102809,0.31202314472152537,0.9759006255876779,0.7140420156413042,8.589878366291051
10,1,1,0.3,0.6,0.2857142857142857,0,3.452475180586183,0.4700585824105979,0.31417416169103046,0.9890008077955306,0.06782455190450432,9.376392765496657
15,1,1,0.3,0.6,0.2857142857142857,0,3.4652164433974186,0.464510816194973,0.3114725414233789,0.9741363358528562,0.7161378858325844,8.603957313471005
20,1,1,0.3,0.6,0.2857142857142857,0,3.748871849013111,2.999904642593265,2.1908148670032617,0.9999778624513165,1.611134284423832e-5,29.89513460638462
5,2,1,0.3,0.6,0.2857142857142857,0,3.455965376135788,0.466913626719051,0.3122407657586601,0.9842264931651061,0.11108458617141631,9.382371905626387
10,2,1,0.3,0.6,0.2857142857142857,0,3.4565643885886144,0.46622834283539827,0.3118450108782829,0.9834500422555779,0.0960139465963663,9.394283614997805
15,2,1,0.3,0.6,0.2857142857142857,0,3.466368391758261,0.4618322149380015,0.30985440479404713,0.9710002724225647,0.7218519053865042,8.631566538245039
20,2,1,0.3,0.6,0.2857142857142857,0,3.746852681292032,2.98789114651629,2.1525491634999683,0.9990941443426489,0.5893269610234964,29.57406033273139
5,2.5,1,0.3,0.6,0.2857142857142857,0,3.4586727949980967,0.47011047046098325,0.3141334758715903,0.9812624527130777,0.7180359930290702,8.541633914274703
10,2.5,1,0.3,0.6,0.2857142857142857,0,3.456274626485689,0.46659266722545334,0.31189939831019475,0.9839590432136094,0.06585204323011196,9.40543796637447
15,2.5,1,0.3,0.6,0.2857142857142857,0,3.476657298214705,0.45015928582349585,0.30334097109897284,0.9543459507032217,0.7167010283571539,8.790153044534893
20,2.5,1,0.3,0.6,0.2857142857142857,0,3.747804886965802,2.9999638877241344,2.191225500958474,0.9999820455052463,1.0715878121464462e-4,29.895095139923743
5,1,0.5,0.7,0.6,0.2857142857142857,0,3.479174936275067,0.44632356515973254,0.29964934338682975,0.9537894039325843,0.7061499392824238,8.80443267304224
10,1,0.5,0.7,0.6,0.2857142857142857,0,3.473765169171743,0.45275123752704577,0.30345754168739003,0.9595685791414621,0.7105054247004156,8.741705565596341
15,1,0.5,0.7,0.6,0.2857142857142857,0,3.4708651441664795,0.4560986831276947,0.3046434341868378,0.9622911935492282,0.7135893505591069,8.715605290989568
20,1,0.5,0.7,0.6,0.2857142857142857,0,3.477534119733099,0.4507053489271214,0.30217255282599353,0.9557261653950053,0.7150474080903482,8.777340943277569
5,2,0.5,0.7,0.6,0.2857142857142857,0,3.444240396424887,0.4842745772708376,0.3227549317130068,0.999620966007865,0.7223362816061403,8.395195978699505
10,2,0.5,0.7,0.6,0.2857142857142857,0,3.4665078247336645,0.4555139793317788,0.3056050732144233,0.9699169342302374,0.1140178214063563,9.469069757533411
15,2,0.5,0.7,0.6,0.2857142857142857,0,3.4679462727590438,0.46007166075709977,0.3082333572501639,0.9683810879666599,0.7171568790055896,8.655686838951954
20,2,0.5,0.7,0.6,0.2857142857142857,0,3.4466238916251735,0.4832538430032697,0.3225488905605325,0.9983789249924542,0.7268712671338675,8.403476076660453
5,2.5,0.5,0.7,0.6,0.2857142857142857,0,3.4668581824816003,0.4546405534426675,0.30484203911024305,0.9688121026686576,0.058354683831467025,9.501839505700861
10,2.5,0.5,0.7,0.6,0.2857142857142857,0,3.4769078719714552,0.450402246329625,0.3033446740730669,0.9560326960609309,0.7189589783934746,8.773425867501386
15,2.5,0.5,0.7,0.6,0.2857142857142857,0,3.4706263704584206,0.4578338449897993,0.3070839574748521,0.965405170331499,0.7166699339867899,8.683421884391189
20,2.5,0.5,0.7,0.6,0.2857142857142857,0,3.5249099768676806,0.3969995151440172,0.2820772292004396,0.8883796445085301,0.6873535080778178,9.659808666382288
5,1,1,0.7,0.6,0.2857142857142857,0,3.475056290757277,0.45167876106392335,0.30305059338421336,0.957903721676949,0.7144974328189433,8.756116423225853
10,1,1,0.7,0.6,0.2857142857142857,0,3.4673058591242345,0.4537504058475219,0.3047206478113643,0.9672886111862237,0.10633665106162093,9.490098356099843
15,1,1,0.7,0.6,0.2857142857142857,0,3.4506072574896463,0.4742101821098355,0.3160055565566216,0.9921824878632142,0.006193066903078304,9.386969286896333
20,1,1,0.7,0.6,0.2857142857142857,0,3.480966312387088,0.44567724130912434,0.299495446035064,0.9510146765405665,0.7078346104656383,8.827487604194502
5,2,1,0.7,0.6,0.2857142857142857,0,3.4664831942264374,0.4557700168559807,0.3056536978599611,0.9701155397870608,0.03886237988277946,9.501552863768152
10,2,1,0.7,0.6,0.2857142857142857,0,3.4800170929779184,0.4415054439210188,0.29732099954730895,0.9514830576874713,0.04774882241359424,9.62770384671804
15,2,1,0.7,0.6,0.2857142857142857,0,3.465436163888409,0.4645854044082536,0.3112390795841788,0.9731349059540111,0.7195322817832104,8.611967286023958
20,2,1,0.7,0.6,0.2857142857142857,0,3.4562148196379794,0.4670575674522647,0.31204958176492786,0.984824344894527,0.023934755658124807,9.418863882664345
5,2.5,1,0.7,0.6,0.2857142857142857,0,3.4686815851021735,0.45940303783847014,0.3085453464273092,0.9674993870634718,0.7184970541439701,8.663384132737775
10,2.5,1,0.7,0.6,0.2857142857142857,0,3.4750116738170234,0.44452876245061207,0.3000516645625943,0.9502520560624947,0.7420671854851997,8.855592317358981
15,2.5,1,0.7,0.6,0.2857142857142857,0,3.456766132012943,0.47192335419611947,0.31537805498012894,0.9837123080623171,0.7209147515619143,8.520492741671863
20,2.5,1,0.7,0.6,0.2857142857142857,0,3.4764800572973,0.4442373171335458,0.29992560297658877,0.9546014306688277,0.05502793348566565,9.602056328975886
5,1,0.5,0.3,1,0.2857142857142857,0,4.999998349228192,2.999999999999999,1.4079356516809929,0.9999999999999997,1,36.74302587980836
10,1,0.5,0.3,1,0.2857142857142857,0,8.881784197001252e-15,2.999999999999999,3.497202527569243e-15,0.9999999999999997,1,52.5317391467584
15,1,0.5,0.3,1,0.2857142857142857,0,8.881784197001252e-15,2.999999999999999,3.497202527569243e-15,0.9999999999999997,1,52.5317391467584
20,1,0.5,0.3,1,0.2857142857142857,0,8.881784197001252e-15,2.999999999999999,3.497202527569243e-15,0.9999999999999997,1,52.5317391467584
5,2,0.5,0.3,1,0.2857142857142857,0,5.000000000000235,1.7841082466202418,0.50000000000002,0.9999999999999997,1,41.0372178975632
10,2,0.5,0.3,1,0.2857142857142857,0,8.881784197001252e-15,2.999999999999999,3.497202527569243e-15,0.9999999999999997,1,52.5317391467584
15,2,0.5,0.3,1,0.2857142857142857,0,8.881784197001252e-15,2.999999999999999,3.497202527569243e-15,0.9999999999999997,1,52.5317391467584
20,2,0.5,0.3,1,0.2857142857142857,0,8.881784197001252e-15,2.999999999999999,3.497202527569243e-15,0.9999999999999997,1,52.5317391467584
5,2.5,0.5,0.3,1,0.2857142857142857,0,5.0000000000012506,1.7841071469668752,0.5000000000001047,0.9999999999999998,1,41.03721790660426
10,2.5,0.5,0.3,1,0.2857142857142857,0,8.881784197001252e-15,2.999999999999999,3.497202527569243e-15,0.9999999999999997,1,52.5317391467584
15,2.5,0.5,0.3,1,0.2857142857142857,0,8.881784197001252e-15,2.999999999999999,3.497202527569243e-15,0.9999999999999997,1,52.5317391467584
20,2.5,0.5,0.3,1,0.2857142857142857,0,8.881784197001252e-15,2.999999999999999,3.497202527569243e-15,0.9999999999999997,1,52.5317391467584
5,1,1,0.3,1,0.2857142857142857,0,4.999997798984368,2.999999999999999,1.4080942892970032,0.9999999999999997,1,36.74302395504495
10,1,1,0.3,1,0.2857142857142857,0,8.881784197001252e-15,2.999999999999999,3.497202527569243e-15,0.9999999999999997,1,52.5317391467584
15,1,1,0.3,1,0.2857142857142857,0,8.881784197001252e-15,2.999999999999999,3.497202527569243e-15,0.9999999999999997,1,52.5317391467584
20,1,1,0.3,1,0.2857142857142857,0,8.881784197001252e-15,2.999999999999999,3.497202527569243e-15,0.9999999999999997,1,52.5317391467584
5,2,1,0.3,1,0.2857142857142857,0,4.638116592348163,2.999999999999998,0.888918886795343,0.9999999999999998,1,37.64318806462709
10,2,1,0.3,1,0.2857142857142857,0,8.881784197001252e-15,2.999999999999999,3.497202527569243e-15,0.9999999999999997,1,52.5317391467584
15,2,1,0.3,1,0.2857142857142857,0,8.881784197001252e-15,2.999999999999999,3.497202527569243e-15,0.9999999999999997,1,52.5317391467584
20,2,1,0.3,1,0.2857142857142857,0,8.881784197001252e-15,2.999999999999999,3.497202527569243e-15,0.9999999999999997,1,52.5317391467584
5,2.5,1,0.3,1,0.2857142857142857,0,4.638669208210599,2.9999999999997637,0.8890819746829182,0.9999999999999997,1,37.64318797648706
10,2.5,1,0.3,1,0.2857142857142857,0,8.881784197001252e-15,2.999999999999999,3.497202527569243e-15,0.9999999999999997,1,52.5317391467584
15,2.5,1,0.3,1,0.2857142857142857,0,8.881784197001252e-15,2.999999999999999,3.497202527569243e-15,0.9999999999999997,1,52.5317391467584
20,2.5,1,0.3,1,0.2857142857142857,0,8.881784197001252e-15,2.999999999999999,3.497202527569243e-15,0.9999999999999997,1,52.5317391467584
5,1,0.5,0.7,1,0.2857142857142857,0,4.0725632382347605,2.999999999999999,0.42023200620696627,0.9999999999999997,1,42.26462238606803
10,1,0.5,0.7,1,0.2857142857142857,0,8.881784197001252e-15,2.999999999999999,3.497202527569243e-15,0.9999999999999997,1,52.5317391467584
15,1,0.5,0.7,1,0.2857142857142857,0,8.881784197001252e-15,2.999999999999999,3.497202527569243e-15,0.9999999999999997,1,52.5317391467584
20,1,0.5,0.7,1,0.2857142857142857,0,8.881784197001252e-15,2.999999999999999,3.497202527569243e-15,0.9999999999999997,1,52.5317391467584
5,2,0.5,0.7,1,0.2857142857142857,0,5.000000000000235,1.7841082466202418,0.50000000000002,0.9999999999999997,1,41.0372178975632
10,2,0.5,0.7,1,0.2857142857142857,0,8.881784197001252e-15,2.999999999999999,3.497202527569243e-15,0.9999999999999997,1,52.5317391467584
15,2,0.5,0.7,1,0.2857142857142857,0,8.881784197001252e-15,2.999999999999999,3.497202527569243e-15,0.9999999999999997,1,52.5317391467584
20,2,0.5,0.7,1,0.2857142857142857,0,8.881784197001252e-15,2.999999999999999,3.497202527569243e-15,0.9999999999999997,1,52.5317391467584
5,2.5,0.5,0.7,1,0.2857142857142857,0,5.0000000000012506,1.7841071469668752,0.5000000000001047,0.9999999999999998,1,41.03721790660426
10,2.5,0.5,0.7,1,0.2857142857142857,0,8.881784197001252e-15,2.999999999999999,3.497202527569243e-15,0.9999999999999997,1,52.5317391467584
15,2.5,0.5,0.7,1,0.2857142857142857,0,8.881784197001252e-15,2.999999999999999,3.497202527569243e-15,0.9999999999999997,1,52.5317391467584
20,2.5,0.5,0.7,1,0.2857142857142857,0,8.881784197001252e-15,2.999999999999999,3.497202527569243e-15,0.9999999999999997,1,52.5317391467584
5,1,1,0.7,1,0.2857142857142857,0,4.9999978021448666,2.999999999999999,1.4075911097369955,0.9999999999999997,1,36.74302356284194
10,1,1,0.7,1,0.2857142857142857,0,8.881784197001252e-15,2.999999999999999,3.497202527569243e-15,0.9999999999999997,1,52.5317391467584
15,1,1,0.7,1,0.2857142857142857,0,8.881784197001252e-15,2.999999999999999,3.497202527569243e-15,0.9999999999999997,1,52.5317391467584
20,1,1,0.7,1,0.2857142857142857,0,8.881784197001252e-15,2.999999999999999,3.497202527569243e-15,0.9999999999999997,1,52.5317391467584
5,2,1,0.7,1,0.2857142857142857,0,4.638116592348163,2.999999999999998,0.888918886795343,0.9999999999999998,1,37.64318806462709
10,2,1,0.7,1,0.2857142857142857,0,8.881784197001252e-15,2.999999999999999,3.497202527569243e-15,0.9999999999999997,1,52.5317391467584
15,2,1,0.7,1,0.2857142857142857,0,8.881784197001252e-15,2.999999999999999,3.497202527569243e-15,0.9999999999999997,1,52.5317391467584
20,2,1,0.7,1,0.2857142857142857,0,8.881784197001252e-15,2.999999999999999,3.497202527569243e-15,0.9999999999999997,1,52.5317391467584
5,2.5,1,0.7,1,0.2857142857142857,0,4.638669208210599,2.9999999999997637,0.8890819746829182,0.9999999999999997,1,37.64318797648706
10,2.5,1,0.7,1,0.2857142857142857,0,8.881784197001252e-15,2.999999999999999,3.497202527569243e-15,0.9999999999999997,1,52.5317391467584
15,2.5,1,0.7,1,0.2857142857142857,0,8.881784197001252e-15,2.999999999999999,3.497202527569243e-15,0.9999999999999997,1,52.5317391467584
20,2.5,1,0.7,1,0.2857142857142857,0,8.881784197001252e-15,2.999999999999999,3.497202527569243e-15,0.9999999999999997,1,52.5317391467584
5,1,0.5,0.3,0.6,0.7142857142857143,0,3.4488301552346035,0.47647248918022456,0.3186746808272132,0.9870845748479589,0.7255913082719776,8.446407541678932
10,1,0.5,0.3,0.6,0.7142857142857143,0,3.4519164624846077,0.4546923155370028,0.3071524249030557,0.957762669276446,0.7189580410552048,8.585860355112155
15,1,0.5,0.3,0.6,0.7142857142857143,0,3.4530689453067143,0.45366960824980535,0.3073294410695541,0.9549602811998409,0.7240552443439506,8.598763128251887
20,1,0.5,0.3,0.6,0.7142857142857143,0,3.7489988130716956,2.9836171989507023,2.1858836730826314,0.9988355857774587,0.0017560723008373524,29.89469683525593
5,2,0.5,0.3,0.6,0.7142857142857143,0,3.4506769408554283,0.4668067591908659,0.3141806050434699,0.9744160926233996,0.7270031852463475,8.504857090972795
10,2,0.5,0.3,0.6,0.7142857142857143,0,3.4421047187483644,0.4387785880302374,0.3007935315735738,0.9255617225046182,0.6551035044579633,8.887438245537064
15,2,0.5,0.3,0.6,0.7142857142857143,0,3.4527419731404185,0.44370866287054767,0.301455981645564,0.9480157714461079,0.20957983290644572,9.392664111591111
20,2,0.5,0.3,0.6,0.7142857142857143,0,3.4528894631655604,0.44947992683775606,0.3039632032026832,0.9556583010689564,0.09922377459649145,9.426740711290297
5,2.5,0.5,0.3,0.6,0.7142857142857143,0,3.4477925199954806,0.47915955013129613,0.3200180908882344,0.9917674398020835,0.7227452369113265,8.425960002346377
10,2.5,0.5,0.3,0.6,0.7142857142857143,0,3.4536272044973937,0.44178980814793833,0.30002133603274445,0.9452728255230394,0.10266195857416804,9.458108774887648
15,2.5,0.5,0.3,0.6,0.7142857142857143,0,3.4521889646382053,0.44423442981107136,0.29431271861214997,0.9316331911296634,0.7438650377922414,8.782346965285454
20,2.5,0.5,0.3,0.6,0.7142857142857143,0,3.457492547315011,0.42361207651174576,0.2894587508099432,0.9137706369306817,0.7065621844494333,8.820491996908418
5,1,1,0.3,0.6,0.7142857142857143,0,3.449052938980921,0.4641933587213495,0.31155049571791654,0.9781826419534164,0.06917411700569598,9.374846565517004
10,1,1,0.3,0.6,0.7142857142857143,0,3.451742485164877,0.48451040546304946,0.32005040664257234,0.9836919584958794,0.9398010123270797,10.74083682743769
15,1,1,0.3,0.6,0.7142857142857143,0,3.451103095754282,0.47025657975176177,0.3154397197739708,0.9776843737188626,0.7230751760380754,8.48974419066249
20,1,1,0.3,0.6,0.7142857142857143,0,3.4518090192876616,0.4627733385872779,0.31120969499934387,0.9665528734663245,0.7305013212841751,8.544011283055628
5,2,1,0.3,0.6,0.7142857142857143,0,3.464617128957108,0.41779632206889145,0.28784323816364166,0.9027203333245807,0.7307601269723183,8.884249477586998
10,2,1,0.3,0.6,0.7142857142857143,0,3.447046058430312,0.4708310172141692,0.31499929914639724,0.9890077362348451,0.0253827907748837,9.366065328973615
15,2,1,0.3,0.6,0.7142857142857143,0,3.458388135303474,0.419097968651993,0.2905807237376847,0.9030742660821447,0.7704032778123832,8.9732460899358
20,2,1,0.3,0.6,0.7142857142857143,0,3.7303149712529726,2.7890170704339012,2.0469911160400844,0.9874213437499171,0.029392612609533797,29.849380510693315
5,2.5,1,0.3,0.6,0.7142857142857143,0,3.4489165754545703,0.4722334809473948,0.3162833156969854,0.981527820712113,0.7244499978267467,8.47207250879186
10,2.5,1,0.3,0.6,0.7142857142857143,0,3.447652793804996,0.47695334439900483,0.3191540936951767,0.9885651075503611,0.7234907585855644,8.44077443577385
15,2.5,1,0.3,0.6,0.7142857142857143,0,3.4462563529664836,0.4729707594760942,0.31622916465317086,0.9918845495397284,0.01614618567102577,9.361896268834432
20,2.5,1,0.3,0.6,0.7142857142857143,0,3.742406596114465,2.93077645852606,2.115350037530784,0.995879171766695,0.5895973219087624,29.557885349228027
5,1,0.5,0.7,0.6,0.7142857142857143,0,3.4501247533899027,0.46919856223639295,0.31436929531883395,0.9771744015823596,0.7226504865704376,8.49183870228947
10,1,0.5,0.7,0.6,0.7142857142857143,0,3.4519834577130326,0.4453889021830873,0.3011732233176795,0.9450597780596794,0.7149649099000968,8.65359023721891
15,1,0.5,0.7,0.6,0.7142857142857143,0,3.4555191471324,0.4704094395894178,0.3146001636979658,0.9794657568144142,0.7303243847540566,8.489486172270334
20,1,0.5,0.7,0.6,0.7142857142857143,0,3.44934395996215,0.46160984939239064,0.3099387074494088,0.9739319231060275,0.03400596930325561,9.402049183715738
5,2,0.5,0.7,0.6,0.7142857142857143,0,3.4563511061310814,0.43377107093362893,0.29641674189535205,0.9333236760731509,0.1712599797771448,9.464668130198463
10,2,0.5,0.7,0.6,0.7142857142857143,0,3.453825823003709,0.448972424813877,0.3034448557167495,0.9456292217303996,0.7158297506019031,8.646680789721566
15,2,0.5,0.7,0.6,0.7142857142857143,0,3.4493130880898426,0.457767578482051,0.30818034351178875,0.9681674425646858,0.07047334197643318,9.402280628989983
20,2,0.5,0.7,0.6,0.7142857142857143,0,3.4467969921686614,0.4753629402417256,0.31812391873797313,0.9860023460872761,0.7225574340580203,8.4511632906596
5,2.5,0.5,0.7,0.6,0.7142857142857143,0,3.4512725155505364,0.45632248919867235,0.3073204926322869,0.9598513136403495,0.7201279267369232,8.576260052471932
10,2.5,0.5,0.7,0.6,0.7142857142857143,0,3.4507935340533247,0.4642907066319164,0.3122569761499559,0.9694421463679471,0.7229031433766806,8.526973749925464
15,2.5,0.5,0.7,0.6,0.7142857142857143,0,3.449905413071812,0.46615473316066686,0.3131410217904763,0.9729437577968341,0.717959012655951,8.511375135650225
20,2.5,0.5,0.7,0.6,0.7142857142857143,0,3.455104796221451,0.4500520291640057,0.3047810090831878,0.9482657167992651,0.7194283913304366,8.63062848583993
5,1,1,0.7,0.6,0.7142857142857143,0,3.4513543357244747,0.4515156280546388,0.2989245980000089,0.9437505489033156,0.7173924580003421,8.69059808603323
10,1,1,0.7,0.6,0.7142857142857143,0,3.4499958707136824,0.4637850050102405,0.3118036399810053,0.9780733221201632,0.0729204220147231,9.373703128155679
15,1,1,0.7,0.6,0.7142857142857143,0,3.7393837061117674,2.907162363428653,2.1265220586018936,0.9932946018866144,0.004970073728811475,29.893192005193864
20,1,1,0.7,0.6,0.7142857142857143,0,3.454376269317616,0.4433086874354145,0.30050292792493255,0.9470343993887194,0.06583070517510303,9.469038049484753
5,2,1,0.7,0.6,0.7142857142857143,0,3.4610265817015207,0.43555030226421665,0.29546751510065467,0.9292304518085218,0.7001893286887353,8.741852838254283
10,2,1,0.7,0.6,0.7142857142857143,0,3.4476001784628107,0.46728381818342096,0.31327122934651913,0.9833311396814668,0.04291771311988268,9.3730984861102975
15,2,1,0.7,0.6,0.7142857142857143,0,3.4586466213086497,0.44434497710745563,0.29436905264012514,0.9224220671486574,0.9767858106037556,11.96236241086157
20,2,1,0.7,0.6,0.7142857142857143,0,3.4504355742930715,0.47037963266416627,0.31153917511999024,0.9736310346926735,0.7212744296317383,8.52064000461156
5,2.5,1,0.7,0.6,0.7142857142857143,0,3.4474078692133214,0.47857120024924255,0.31988623021063806,0.9919940275493146,0.7236492963853479,8.425453536890984
10,2.5,1,0.7,0.6,0.7142857142857143,0,3.449101086902784,0.4749291170223342,0.31660920179276586,0.9807293531841415,0.7304221985587855,8.480958994897758
15,2.5,1,0.7,0.6,0.7142857142857143,0,3.4626836031409503,0.4484391290522456,0.2981110891666477,0.92915535958300155,0.9480594325447114,11.22141156743126
20,2.5,1,0.7,0.6,0.7142857142857143,0,3.443993701977255,0.4740848296610477,0.3255618433502396,0.9814169655932413,0.8220261922981285,8.911709513719382
5,1,0.5,0.3,1,0.7142857142857143,0,4.999998349228192,2.9999999999999982,1.4079356516809929,0.9999999999999998,1,36.74302587981048
10,1,0.5,0.3,1,0.7142857142857143,0,8.881784197001252e-15,2.999999999999999,3.497202527569243e-15,0.9999999999999997,1,52.5317391467584
15,1,0.5,0.3,1,0.7142857142857143,0,8.881784197001252e-15,2.999999999999999,3.497202527569243e-15,0.9999999999999997,1,52.5317391467584
20,1,0.5,0.3,1,0.7142857142857143,0,8.881784197001252e-15,2.999999999999999,3.497202527569243e-15,0.9999999999999997,1,52.5317391467584
5,2,0.5,0.3,1,0.7142857142857143,0,5.000000000000235,1.7841082466202418,0.50000000000002,0.9999999999999998,1,41.03721789767411
10,2,0.5,0.3,1,0.7142857142857143,0,8.881784197001252e-15,2.999999999999999,3.497202527569243e-15,0.9999999999999997,1,52.5317391467584
15,2,0.5,0.3,1,0.7142857142857143,0,8.881784197001252e-15,2.999999999999999,3.497202527569243e-15,0.9999999999999997,1,52.5317391467584
20,2,0.5,0.3,1,0.7142857142857143,0,8.881784197001252e-15,2.999999999999999,3.497202527569243e-15,0.9999999999999997,1,52.5317391467584
5,2.5,0.5,0.3,1,0.7142857142857143,0,5.0000000000012506,1.7841071469668752,0.5000000000001047,0.9999999999999998,1,41.03721790660426
10,2.5,0.5,0.3,1,0.7142857142857143,0,8.881784197001252e-15,2.999999999999999,3.497202527569243e-15,0.9999999999999997,1,52.5317391467584
15,2.5,0.5,0.3,1,0.7142857142857143,0,8.881784197001252e-15,2.999999999999999,3.497202527569243e-15,0.9999999999999997,1,52.5317391467584
20,2.5,0.5,0.3,1,0.7142857142857143,0,8.881784197001252e-15,2.999999999999999,3.497202527569243e-15,0.9999999999999997,1,52.5317391467584
5,1,1,0.3,1,0.7142857142857143,0,4.999997798984368,2.999999999999999,1.4080942892970032,0.9999999999999992,1,36.74302395511493
10,1,1,0.3,1,0.7142857142857143,0,8.881784197001252e-15,2.999999999999999,3.497202527569243e-15,0.9999999999999997,1,52.5317391467584
15,1,1,0.3,1,0.7142857142857143,0,8.881784197001252e-15,2.999999999999999,3.497202527569243e-15,0.9999999999999997,1,52.5317391467584
20,1,1,0.3,1,0.7142857142857143,0,8.881784197001252e-15,2.999999999999999,3.497202527569243e-15,0.9999999999999997,1,52.5317391467584
5,2,1,0.3,1,0.7142857142857143,0,4.638116592348163,2.999999999999998,0.888918886795343,0.9999999999999998,1,37.64318806462709
10,2,1,0.3,1,0.7142857142857143,0,8.881784197001252e-15,2.999999999999999,3.497202527569243e-15,0.9999999999999997,1,52.5317391467584
15,2,1,0.3,1,0.7142857142857143,0,8.881784197001252e-15,2.999999999999999,3.497202527569243e-15,0.9999999999999997,1,52.5317391467584
20,2,1,0.3,1,0.7142857142857143,0,8.881784197001252e-15,2.999999999999999,3.497202527569243e-15,0.9999999999999997,1,52.5317391467584
5,2.5,1,0.3,1,0.7142857142857143,0,4.638669208210599,2.9999999999997637,0.8890819746829182,0.9999999999999998,1,37.6431879764915
10,2.5,1,0.3,1,0.7142857142857143,0,8.881784197001252e-15,2.999999999999999,3.497202527569243e-15,0.9999999999999997,1,52.5317391467584
15,2.5,1,0.3,1,0.7142857142857143,0,8.881784197001252e-15,2.999999999999999,3.497202527569243e-15,0.9999999999999997,1,52.5317391467584
20,2.5,1,0.3,1,0.7142857142857143,0,8.881784197001252e-15,2.999999999999999,3.497202527569243e-15,0.9999999999999997,1,52.5317391467584
5,1,0.5,0.7,1,0.7142857142857143,0,4.0725632382347605,2.999999999999999,0.42023200620696627,0.9999999999999993,1,42.26462238605804
10,1,0.5,0.7,1,0.7142857142857143,0,8.881784197001252e-15,2.999999999999999,3.497202527569243e-15,0.9999999999999997,1,52.5317391467584
15,1,0.5,0.7,1,0.7142857142857143,0,8.881784197001252e-15,2.999999999999999,3.497202527569243e-15,0.9999999999999997,1,52.5317391467584
20,1,0.5,0.7,1,0.7142857142857143,0,8.881784197001252e-15,2.999999999999999,3.497202527569243e-15,0.9999999999999997,1,52.5317391467584
5,2,0.5,0.7,1,0.7142857142857143,0,5.000000000000235,1.7841082466202418,0.50000000000002,0.9999999999999998,1,41.03721789767411
10,2,0.5,0.7,1,0.7142857142857143,0,8.881784197001252e-15,2.999999999999999,3.497202527569243e-15,0.9999999999999997,1,52.5317391467584
15,2,0.5,0.7,1,0.7142857142857143,0,8.881784197001252e-15,2.999999999999999,3.497202527569243e-15,0.9999999999999997,1,52.5317391467584
20,2,0.5,0.7,1,0.7142857142857143,0,8.881784197001252e-15,2.999999999999999,3.497202527569243e-15,0.9999999999999997,1,52.5317391467584
5,2.5,0.5,0.7,1,0.7142857142857143,0,5.0000000000012506,1.7841071469668752,0.5000000000001047,0.9999999999999998,1,41.03721790660426
10,2.5,0.5,0.7,1,0.7142857142857143,0,8.881784197001252e-15,2.999999999999999,3.497202527569243e-15,0.9999999999999997,1,52.5317391467584
15,2.5,0.5,0.7,1,0.7142857142857143,0,8.881784197001252e-15,2.999999999999999,3.497202527569243e-15,0.9999999999999997,1,52.5317391467584
20,2.5,0.5,0.7,1,0.7142857142857143,0,8.881784197001252e-15,2.999999999999999,3.497202527569243e-15,0.9999999999999997,1,52.5317391467584
5,1,1,0.7,1,0.7142857142857143,0,4.9999978021448666,2.999999999999999,1.4075911097369955,0.9999999999999992,1,36.743023562912896
10,1,1,0.7,1,0.7142857142857143,0,8.881784197001252e-15,2.999999999999999,3.497202527569243e-15,0.9999999999999997,1,52.5317391467584
15,1,1,0.7,1,0.7142857142857143,0,8.881784197001252e-15,2.999999999999999,3.497202527569243e-15,0.9999999999999997,1,52.5317391467584
20,1,1,0.7,1,0.7142857142857143,0,8.881784197001252e-15,2.999999999999999,3.497202527569243e-15,0.9999999999999997,1,52.5317391467584
5,2,1,0.7,1,0.7142857142857143,0,4.638116592348163,2.999999999999998,0.888918886795343,0.9999999999999998,1,37.64318806462709
10,2,1,0.7,1,0.7142857142857143,0,8.881784197001252e-15,2.999999999999999,3.497202527569243e-15,0.9999999999999997,1,52.5317391467584
15,2,1,0.7,1,0.7142857142857143,0,8.881784197001252e-15,2.999999999999999,3.497202527569243e-15,0.9999999999999997,1,52.5317391467584
20,2,1,0.7,1,0.7142857142857143,0,8.881784197001252e-15,2.999999999999999,3.497202527569243e-15,0.9999999999999997,1,52.5317391467584
5,2.5,1,0.7,1,0.7142857142857143,0,4.638669208210599,2.9999999999997637,0.8890819746829182,0.9999999999999998,1,37.6431879764915
10,2.5,1,0.7,1,0.7142857142857143,0,8.881784197001252e-15,2.999999999999999,3.497202527569243e-15,0.9999999999999997,1,52.5317391467584
15,2.5,1,0.7,1,0.7142857142857143,0,8.881784197001252e-15,2.999999999999999,3.497202527569243e-15,0.9999999999999997,1,52.5317391467584
20,2.5,1,0.7,1,0.7142857142857143,0,8.881784197001252e-15,2.999999999999999,3.497202527569243e-15,0.9999999999999997,1,52.5317391467584
5,1,0.5,0.3,0.6,1,0,3.4488521348692203,0.44402351568871185,0.3019845714532874,0.9464851718139773,0.11047367928104868,9.382428602100276
10,1,0.5,0.3,0.6,1,0,3.449365725795399,0.42876819697196217,0.2941180115462993,0.9232968660647032,0.14576874456244426,9.411605676240919
15,1,0.5,0.3,0.6,1,0,3.4458965975059686,0.46850216489949204,0.31440498974498193,0.9746482327827846,0.7177088363203968,8.470397531080154
20,1,0.5,0.3,0.6,1,0,3.4476772760768237,0.45304929989712406,0.3064632229277843,0.9609722178573166,0.05068038632318306,9.384297142437994
5,2,0.5,0.3,0.6,1,0,3.454187287741417,0.45511641679506687,0.3081669164938262,0.9578822420630428,0.721674030947723,8.533450752615948
10,2,0.5,0.3,0.6,1,0,3.450217566975702,0.4530445966945973,0.3064072374371133,0.9487315151313531,0.7243565715888444,8.559221457819353
15,2,0.5,0.3,0.6,1,0,3.4469399302845405,0.45845932407992346,0.30965907321066405,0.9696101449170299,0.04810986502501463,9.371765080622502
20,2,0.5,0.3,0.6,1,0,3.4475012892293133,0.45786417176542454,0.30917987822097365,0.9690742393705091,0.05614851671282711,9.368834584630285
5,2.5,0.5,0.3,0.6,1,0,3.4499399120390772,0.4553341939924858,0.3079869676200244,0.9546775761065717,0.7153228306035969,8.538344301567765
10,2.5,0.5,0.3,0.6,1,0,3.447290852700935,0.4640029151347093,0.31199684954894663,0.9779067390752216,0.055677262658057836,9.355188103326492
15,2.5,0.5,0.3,0.6,1,0,3.4496622554145295,0.4460276881208674,0.3036680487840136,0.9419639249422056,0.7195015524988047,8.5826301279481
20,2.5,0.5,0.3,0.6,1,0,3.448400554639446,0.46073070307934566,0.3103105665303923,0.9638040620597996,0.7123928312574643,8.508836444677693
5,1,1,0.3,0.6,1,0,3.4478020406484555,0.45754577913159145,0.3095758698643222,0.9582442055023881,0.7200841776885073,8.524826826865825
10,1,1,0.3,0.6,1,0,3.4486437890062005,0.49222656259980646,0.31874998055472203,0.9935044359725461,0.9761474118426865,11.521728578918653
15,1,1,0.3,0.6,1,0,3.45100032368173,0.4772596243039054,0.3101853013669502,0.9695102630965485,0.982529117877201,11.781181810191146
20,1,1,0.3,0.6,1,0,3.4468755069528934,0.46348396980648315,0.3119489564234761,0.9771048061144386,0.014008091583308901,9.374471646862885
5,2,1,0.3,0.6,1,0,3.4461317805230784,0.47333018408176736,0.31725817573806336,0.9806548884942063,0.726114493145086,8.450720628065381
10,2,1,0.3,0.6,1,0,3.448158832799899,0.45147393914716116,0.3058957615049644,0.9581200393204233,0.11513189483116354,9.35933788238243
15,2,1,0.3,0.6,1,0,3.449057134308582,0.48710284252398517,0.3173600627023474,0.9858226328553323,0.9476625460271302,10.8758742869505
20,2,1,0.3,0.6,1,0,3.7404074978808,2.989742096877735,2.190931224625568,0.9987028848676409,0.013116983968104179,29.897862641807972
5,2.5,1,0.3,0.6,1,0,3.446516659950458,0.4662068997190239,0.312745657418251,0.9799346213751352,0.07001215155101109,9.345812657996325
10,2.5,1,0.3,0.6,1,0,3.4464672957321785,0.4657217949296139,0.3139924434356741,0.9718801248823221,0.7263085287682449,8.479327683123048
15,2.5,1,0.3,0.6,1,0,3.4467980688512356,0.46981508529867727,0.31505383594063296,0.9854164726081898,0.13582540072665228,9.304138218522807
20,2.5,1,0.3,0.6,1,0,3.4473931178896033,0.4838426615038474,0.3224069960218919,0.9987476524058214,0.7242936578448196,8.394948118890502
5,1,0.5,0.7,0.6,1,0,3.4479174520053624,0.4658403253284401,0.313532571727415,0.9717487908449916,0.720786956158372,8.479451236253164
10,1,0.5,0.7,0.6,1,0,3.450161306574442,0.37634191709899434,0.264921384558139,0.8392173973927173,0.7052052360285072,9.013816649695025
15,1,0.5,0.7,0.6,1,0,3.4485319287663696,0.434312659870115,0.297212987914485,0.923001293282381,0.7056143397586868,8.658122932515473
20,1,0.5,0.7,0.6,1,0,3.445577682673562,0.4747847880041597,0.3171716778891616,0.9939241067833875,0.022435821234399245,9.347843610101563
5,2,0.5,0.7,0.6,1,0,3.446141289994229,0.47071152884768813,0.316556198651289,0.9797362986793547,0.723666128301182,8.45304569236673
10,2,0.5,0.7,0.6,1,0,3.429362841534387,0.49172876618358463,0.30370137166482675,0.9818354046927347,0.7345362862295433,8.897978986231495
15,2,0.5,0.7,0.6,1,0,3.447699194266638,0.4624019894958899,0.3123973223847973,0.9663828387549893,0.7193667467248595,8.497297070715339
20,2,0.5,0.7,0.6,1,0,3.4478486265430486,0.44576546354655094,0.3060031737405206,0.9313325019969299,0.8326755640537022,9.14421789139784
5,2.5,0.5,0.7,0.6,1,0,3.445781317401315,0.46867179155147964,0.3142704506065509,0.9845001929836222,0.04105619211022937,9.352318760648231
10,2.5,0.5,0.7,0.6,1,0,3.4498905110837286,0.46991703356187753,0.3090766388618336,0.9580174413362297,0.969404800048568,11.508525984550772
15,2.5,0.5,0.7,0.6,1,0,3.4474499475623377,0.4641528845924807,0.3131652114163927,0.9695730719069685,0.7205233194443006,8.48668349561386
20,2.5,0.5,0.7,0.6,1,0,3.449242145812441,0.44282449368969834,0.30219036236453684,0.9362124095578728,0.7222106029561792,8.603955233953988
5,1,1,0.7,0.6,1,0,3.4495790139382243,0.44798109467266917,0.30401537814014656,0.9439686620379635,0.7186984158667187,8.575938194404822
10,1,1,0.7,0.6,1,0,3.44365771201262,0.45444980565914667,0.3035667489881652,0.9643043667506631,0.7156371518752636,8.548521541341927
15,1,1,0.7,0.6,1,0,3.725620817929196,2.7650890952032814,2.027958168327511,0.9913495598088834,0.008204210646515442,29.760236695596824
20,1,1,0.7,0.6,1,0,3.447164634814106,0.4705783845500154,0.3159374382424509,0.9784125948416303,0.719567358421996,8.457352173715801
5,2,1,0.7,0.6,1,0,3.449998430866743,0.4802725079285122,0.3155672479303611,0.9764284870807767,0.9598977716193545,11.202701192218031
10,2,1,0.7,0.6,1,0,3.4456104748643868,0.4687475677179309,0.3146203178142896,0.9849826794998373,0.03629447329620061,9.353809166801625
15,2,1,0.7,0.6,1,0,3.4485159288814127,0.44282833218446155,0.30093242872981185,0.9448284254612971,0.03499164998182597,9.419202261576324
20,2,1,0.7,0.6,1,0,3.447657991652595,0.466804428108391,0.3141887267676424,0.9732802700677821,0.7237794011726071,8.47311827031698
5,2.5,1,0.7,0.6,1,0,3.4528317867410463,0.46887731536608834,0.3088339581404232,0.9565011421042968,0.9611259937877237,11.313891395950247
10,2.5,1,0.7,0.6,1,0,3.4493700465447974,0.4757313347329356,0.31802244941908925,0.9839467251238596,0.7251858494030847,8.441240134917432
15,2.5,1,0.7,0.6,1,0,3.447283195622728,0.43949490353517107,0.29986985640502173,0.9403862479706049,0.0735557889466959,9.410873165571042
20,2.5,1,0.7,0.6,1,0,3.4466005304797442,0.48344005730174916,0.3195504693788742,0.9822342493024658,0.9477057273630469,10.902971425149875
5,1,0.5,0.3,1,1,0,4.999998349228192,2.9999999999999982,1.4079356516809929,0.9999999999999998,1,36.74302587981012
10,1,0.5,0.3,1,1,0,8.881784197001252e-15,2.999999999999999,3.497202527569243e-15,0.9999999999999997,1,52.5317391467584
15,1,0.5,0.3,1,1,0,8.881784197001252e-15,2.999999999999999,3.497202527569243e-15,0.9999999999999997,1,52.5317391467584
20,1,0.5,0.3,1,1,0,8.881784197001252e-15,2.999999999999999,3.497202527569243e-15,0.9999999999999997,1,52.5317391467584
5,2,0.5,0.3,1,1,0,5.000000000000235,1.7841082466202418,0.50000000000002,0.9999999999999998,1,41.037217897659666
10,2,0.5,0.3,1,1,0,8.881784197001252e-15,2.999999999999999,3.497202527569243e-15,0.9999999999999997,1,52.5317391467584
15,2,0.5,0.3,1,1,0,8.881784197001252e-15,2.999999999999999,3.497202527569243e-15,0.9999999999999997,1,52.5317391467584
20,2,0.5,0.3,1,1,0,8.881784197001252e-15,2.999999999999999,3.497202527569243e-15,0.9999999999999997,1,52.5317391467584
5,2.5,0.5,0.3,1,1,0,5.0000000000012506,1.7841071469668752,0.5000000000001047,0.9999999999999998,1,41.037217906623624
10,2.5,0.5,0.3,1,1,0,8.881784197001252e-15,2.999999999999999,3.497202527569243e-15,0.9999999999999997,1,52.5317391467584
15,2.5,0.5,0.3,1,1,0,8.881784197001252e-15,2.999999999999999,3.497202527569243e-15,0.9999999999999997,1,52.5317391467584
20,2.5,0.5,0.3,1,1,0,8.881784197001252e-15,2.999999999999999,3.497202527569243e-15,0.9999999999999997,1,52.5317391467584
5,1,1,0.3,1,1,0,4.999997798984368,2.999999999999999,1.4080942892970032,0.9999999999999997,1,36.74302395511722
10,1,1,0.3,1,1,0,8.881784197001252e-15,2.999999999999999,3.497202527569243e-15,0.9999999999999997,1,52.5317391467584
15,1,1,0.3,1,1,0,8.881784197001252e-15,2.999999999999999,3.497202527569243e-15,0.9999999999999997,1,52.5317391467584
20,1,1,0.3,1,1,0,8.881784197001252e-15,2.999999999999999,3.497202527569243e-15,0.9999999999999997,1,52.5317391467584
5,2,1,0.3,1,1,0,4.638116592348163,2.999999999999998,0.888918886795343,0.9999999999999998,1,37.643188064625846
10,2,1,0.3,1,1,0,8.881784197001252e-15,2.999999999999999,3.497202527569243e-15,0.9999999999999997,1,52.5317391467584
15,2,1,0.3,1,1,0,8.881784197001252e-15,2.999999999999999,3.497202527569243e-15,0.9999999999999997,1,52.5317391467584
20,2,1,0.3,1,1,0,8.881784197001252e-15,2.999999999999999,3.497202527569243e-15,0.9999999999999997,1,52.5317391467584
5,2.5,1,0.3,1,1,0,4.638669208210599,2.9999999999997637,0.8890819746829182,0.9999999999999998,1,37.64318797648937
10,2.5,1,0.3,1,1,0,8.881784197001252e-15,2.999999999999999,3.497202527569243e-15,0.9999999999999997,1,52.5317391467584
15,2.5,1,0.3,1,1,0,8.881784197001252e-15,2.999999999999999,3.497202527569243e-15,0.9999999999999997,1,52.5317391467584
20,2.5,1,0.3,1,1,0,8.881784197001252e-15,2.999999999999999,3.497202527569243e-15,0.9999999999999997,1,52.5317391467584
5,1,0.5,0.7,1,1,0,4.0725632382347605,2.999999999999999,0.42023200620696627,0.9999999999999992,1,42.26462238605779
10,1,0.5,0.7,1,1,0,8.881784197001252e-15,2.999999999999999,3.497202527569243e-15,0.9999999999999997,1,52.5317391467584
15,1,0.5,0.7,1,1,0,8.881784197001252e-15,2.999999999999999,3.497202527569243e-15,0.9999999999999997,1,52.5317391467584
20,1,0.5,0.7,1,1,0,8.881784197001252e-15,2.999999999999999,3.497202527569243e-15,0.9999999999999997,1,52.5317391467584
5,2,0.5,0.7,1,1,0,5.000000000000235,1.7841082466202418,0.50000000000002,0.9999999999999998,1,41.037217897659666
10,2,0.5,0.7,1,1,0,8.881784197001252e-15,2.999999999999999,3.497202527569243e-15,0.9999999999999997,1,52.5317391467584
15,2,0.5,0.7,1,1,0,8.881784197001252e-15,2.999999999999999,3.497202527569243e-15,0.9999999999999997,1,52.5317391467584
20,2,0.5,0.7,1,1,0,8.881784197001252e-15,2.999999999999999,3.497202527569243e-15,0.9999999999999997,1,52.5317391467584
5,2.5,0.5,0.7,1,1,0,5.0000000000012506,1.7841071469668752,0.5000000000001047,0.9999999999999998,1,41.037217906623624
10,2.5,0.5,0.7,1,1,0,8.881784197001252e-15,2.999999999999999,3.497202527569243e-15,0.9999999999999997,1,52.5317391467584
15,2.5,0.5,0.7,1,1,0,8.881784197001252e-15,2.999999999999999,3.497202527569243e-15,0.9999999999999997,1,52.5317391467584
20,2.5,0.5,0.7,1,1,0,8.881784197001252e-15,2.999999999999999,3.497202527569243e-15,0.9999999999999997,1,52.5317391467584
5,1,1,0.7,1,1,0,4.9999978021448666,2.999999999999999,1.4075911097369955,0.9999999999999997,1,36.74302356284036
10,1,1,0.7,1,1,0,8.881784197001252e-15,2.999999999999999,3.497202527569243e-15,0.9999999999999997,1,52.5317391467584
15,1,1,0.7,1,1,0,8.881784197001252e-15,2.999999999999999,3.497202527569243e-15,0.9999999999999997,1,52.5317391467584
20,1,1,0.7,1,1,0,8.881784197001252e-15,2.999999999999999,3.497202527569243e-15,0.9999999999999997,1,52.5317391467584
5,2,1,0.7,1,1,0,4.638116592348163,2.999999999999998,0.888918886795343,0.9999999999999998,1,37.643188064625846
10,2,1,0.7,1,1,0,8.881784197001252e-15,2.999999999999999,3.497202527569243e-15,0.9999999999999997,1,52.5317391467584
15,2,1,0.7,1,1,0,8.881784197001252e-15,2.999999999999999,3.497202527569243e-15,0.9999999999999997,1,52.5317391467584
20,2,1,0.7,1,1,0,8.881784197001252e-15,2.999999999999999,3.497202527569243e-15,0.9999999999999997,1,52.5317391467584
5,2.5,1,0.7,1,1,0,4.638669208210599,2.9999999999997637,0.8890819746829182,0.9999999999999998,1,37.64318797648937
10,2.5,1,0.7,1,1,0,8.881784197001252e-15,2.999999999999999,3.497202527569243e-15,0.9999999999999997,1,52.5317391467584
15,2.5,1,0.7,1,1,0,8.881784197001252e-15,2.999999999999999,3.497202527569243e-15,0.9999999999999997,1,52.5317391467584
20,2.5,1,0.7,1,1,0,8.881784197001252e-15,2.999999999999999,3.497202527569243e-15,0.9999999999999997,1,52.5317391467584
