beta_0_init,xi_init,f_1_init,f_2_init,dif,k,lambda_,beta_0_fit,xi_fit,f_1_fit,f_2_fit,nlogll
5,0.057,0.3,0.4,0.2857142857142857,0,0,4.499924287147108,0,0.5677909753940917,0.7759937894780925,107.53910411982585
10,0.057,0.3,0.4,0.2857142857142857,0,0,8.522737054624168,0.058172191107365115,0.7523849233386026,1,108.3483081896009
15,0.057,0.3,0.4,0.2857142857142857,0,0,8.85925138961262,0.06145379800327265,0.7404267247838721,0.7451625203078276,106.97684799930848
20,0.057,0.3,0.4,0.2857142857142857,0,0,19.72803150149321,0.1293819532909283,0.7425317634710142,0.559031015481855,108.30861313646847
5,0.025,0.3,0.4,0.2857142857142857,0,0,4.499433199324793,0,0.5677904212807423,0.776141767091699,107.5390871331604
10,0.025,0.3,0.4,0.2857142857142857,0,0,10.41402910567224,0.07618407862398847,0.7739157990694078,0.7160703234536878,107.05532580405531
15,0.025,0.3,0.4,0.2857142857142857,0,0,14.174813864053576,0.1031203155366705,0.8132949635466155,0.6503226964500541,107.5914599914078
20,0.025,0.3,0.4,0.2857142857142857,0,0,19.993856519069904,0.13036917799827968,0.7330767934049055,0.5556955402897585,108.33223169611308
5,0.1,0.3,0.4,0.2857142857142857,0,0,4.5011561665335815,0,0.5676313259005854,0.7758882003878161,107.53911416371575
10,0.1,0.3,0.4,0.2857142857142857,0,0,9.543572765612973,0.06832006363267451,0.7580871927958028,0.7283142552282685,106.9917280728009
15,0.1,0.3,0.4,0.2857142857142857,0,0,14.617303616987135,0.10566747496588488,0.8083192042460876,0.6412310068150864,107.66140856278516
20,0.1,0.3,0.4,0.2857142857142857,0,0,8.66884372051938,0.05952444102349844,0.7339307018563628,0.7360143648269866,106.96891928384947
5,0.057,0.5,0.4,0.2857142857142857,0,0,4.500327164874033,0,0.567853615575356,0.775884422279403,107.53910926549153
10,0.057,0.5,0.4,0.2857142857142857,0,0,10.008725500133089,0.07264340034338132,0.7680471604773831,0.7218566085774634,107.02105545061717
15,0.057,0.5,0.4,0.2857142857142857,0,0,8.66393692675121,0.05947150569343049,0.7339826557694347,0.735843524947484,106.96891639737194
20,0.057,0.5,0.4,0.2857142857142857,0,0,19.482594089137528,0.12847415518748034,0.7523736872275913,0.5621246433112396,108.28646460208655
5,0.025,0.5,0.4,0.2857142857142857,0,0,4.499260419553066,0,0.5678303670363292,0.7755891639015566,107.53912153303625
10,0.025,0.5,0.4,0.2857142857142857,0,0,9.493608048126287,0.06781200907670969,0.7554281984658701,0.7283129764517781,106.98920224186114
15,0.025,0.5,0.4,0.2857142857142857,0,0,14.540711295669208,0.10519818469503871,0.8083514253466587,0.6432514648457333,107.64929673851653
20,0.025,0.5,0.4,0.2857142857142857,0,0,40,0,1,0.23827993524289529,116.84803036656808
5,0.1,0.5,0.4,0.2857142857142857,0,0,4.499934621897802,0,0.5676393241695556,0.7764106422955697,107.53910826467121
10,0.1,0.5,0.4,0.2857142857142857,0,0,9.930477633794773,0.07189836394177568,0.7656597086039091,0.7232019472023593,107.0153551835976
15,0.1,0.5,0.4,0.2857142857142857,0,0,8.679534099461769,0.05965931865807878,0.734390085378084,0.7356204551299743,106.9689234967496
20,0.1,0.5,0.4,0.2857142857142857,0,0,8.664358641302016,0.05947970329774639,0.733753587203462,0.7358601600567469,106.96890988375218
5,0.057,0.7,0.4,0.2857142857142857,0,0,4.500182960305741,0,0.5678347063652549,0.7761563583510328,107.53910559547649
10,0.057,0.7,0.4,0.2857142857142857,0,0,9.924995764353627,0.0718909410819597,0.7669703494799871,0.7232500007598357,107.01498944549552
15,0.057,0.7,0.4,0.2857142857142857,0,0,8.671421419444243,0.05956673752217361,0.7339641115564421,0.7357968103769292,106.9689136633538
20,0.057,0.7,0.4,0.2857142857142857,0,0,8.661484899909151,0.0594652635897184,0.7337653062243931,0.7358124403601265,106.96890417531502
5,0.025,0.7,0.4,0.2857142857142857,0,0,4.499701993779791,0,0.5677432966262611,0.776249727703491,107.53909683690284
10,0.025,0.7,0.4,0.2857142857142857,0,0,9.622811224188368,0.06907442016148643,0.7593884788439677,0.7270698570684151,106.99589717994041
15,0.025,0.7,0.4,0.2857142857142857,0,0,14.702279464238938,0.10609106880348688,0.8050716332161593,0.6399700730035198,107.67456067789607
20,0.025,0.7,0.4,0.2857142857142857,0,0,39.99997962519713,0,1,0.23831218295588968,116.84802502350722
5,0.1,0.7,0.4,0.2857142857142857,0,0,4.499802438561628,0,0.5676843652229124,0.7766265288620762,107.53912454535363
10,0.1,0.7,0.4,0.2857142857142857,0,0,9.977723803120469,0.0724131134453126,0.7693669544427002,0.722744157210277,107.0189150527549
15,0.1,0.7,0.4,0.2857142857142857,0,0,8.660623563533015,0.05944691448978395,0.7335558567618645,0.7361391600504995,106.96891716968467
20,0.1,0.7,0.4,0.2857142857142857,0,0,8.663237026018653,0.05948097469112908,0.7340193927301295,0.7359709500109285,106.96890556678908
5,0.057,0.9,0.4,0.2857142857142857,0,0,4.500068777081826,0,0.5677931263994688,0.7759664542619005,107.53911315254388
10,0.057,0.9,0.4,0.2857142857142857,0,0,9.992104506538356,0.0724264752766684,0.7652499541904778,0.7216239412546319,107.01990048554248
15,0.057,0.9,0.4,0.2857142857142857,0,0,8.685207747263568,0.05969105334788763,0.7338053492340976,0.7352042236771601,106.96894616555477
20,0.057,0.9,0.4,0.2857142857142857,0,0,19.663423671520267,0.12932548742712568,0.7553315003129408,0.5620836642802529,108.3046649817418
5,0.025,0.9,0.4,0.2857142857142857,0,0,8.6741493031763,0.059586189257791605,0.7345129111852129,0.7359099020289467,106.96892093557543
10,0.025,0.9,0.4,0.2857142857142857,0,0,6.732467311703082,0,1,0.746256146764318,119.7511105168857
15,0.025,0.9,0.4,0.2857142857142857,0,0,14.430417152333606,0.10403852208004485,0.764795328204477,0.6388529454971028,107.64625458134797
20,0.025,0.9,0.4,0.2857142857142857,0,0,40,0,1,0.2382829864255696,116.8480303600646
5,0.1,0.9,0.4,0.2857142857142857,0,0,4.499686698833159,0,0.5677939808752294,0.7759446845070994,107.53909207638769
10,0.1,0.9,0.4,0.2857142857142857,0,0,11.785968467110447,0.08865893194840521,1,0.7134543486538403,107.6672848707392
15,0.1,0.9,0.4,0.2857142857142857,0,0,8.666198401834972,0.05951408395236453,0.7335983380334816,0.7356867816556312,106.96893119594672
20,0.1,0.9,0.4,0.2857142857142857,0,0,8.661729217167473,0.05947121664926937,0.7337385624931195,0.7356651690053735,106.96891349530964
5,0.057,0.3,0.6,0.2857142857142857,0,0,4.499509507324313,0,0.5679265083941376,0.7759347915480994,107.53910597638576
10,0.057,0.3,0.6,0.2857142857142857,0,0,9.564116835248765,0.0685243323409688,0.7586271330479567,0.7276083710639305,106.99278467507659
15,0.057,0.3,0.6,0.2857142857142857,0,0,14.96590376612201,0.10750829712982582,0.7991605632587694,0.6332788453760598,107.71551261079154
20,0.057,0.3,0.6,0.2857142857142857,0,0,19.441392101930298,0.12836018691108209,0.7532156745676503,0.5634011196270846,108.28266097425333
5,0.025,0.3,0.6,0.2857142857142857,0,0,4.500509878537685,0,0.5675283423333981,0.7761544764479076,107.53910928769244
10,0.025,0.3,0.6,0.2857142857142857,0,0,9.882184922654158,0.0714920279461586,0.7652946358017828,0.7235013336558044,107.01197987407633
15,0.025,0.3,0.6,0.2857142857142857,0,0,14.947745311543342,0.10737735853652224,0.7998486227485482,0.6336159821297882,107.71270542666075
20,0.025,0.3,0.6,0.2857142857142857,0,0,19.791041689029008,0.12963235960266822,0.7431423952348328,0.5577196398507697,108.31438621688
5,0.1,0.3,0.6,0.2857142857142857,0,0,4.500173761360897,0,0.5674749642138643,0.7762028858841433,107.53912301303146
10,0.1,0.3,0.6,0.2857142857142857,0,0,9.908068886997807,0.07172661223834839,0.7658072343033031,0.7235755225694498,107.0137769161518
15,0.1,0.3,0.6,0.2857142857142857,0,0,8.658508374866987,0.05943049230760468,0.734101286298664,0.7361553522053588,106.96893565869392
20,0.1,0.3,0.6,0.2857142857142857,0,0,19.784445093191778,0.12960291046762412,0.7429419840271108,0.558091944021478,108.31377583244173
5,0.057,0.5,0.6,0.2857142857142857,0,0,4.500594623206471,0,0.56776586751614,0.7760877833143068,107.53909625474067
10,0.057,0.5,0.6,0.2857142857142857,0,0,8.679325987352605,0.05966405632867582,0.7338036616845401,0.7349996955119464,106.96895974824106
15,0.057,0.5,0.6,0.2857142857142857,0,0,8.661229941205345,0.059447974693557656,0.7337764461701972,0.7360143576160793,106.96891903036453
20,0.057,0.5,0.6,0.2857142857142857,0,0,20.194744408007374,0.13106542483069,0.727784256701943,0.5529433298888724,108.3496048962922
5,0.025,0.5,0.6,0.2857142857142857,0,0,4.500590873307287,0,0.5676488353969018,0.7760647170802233,107.5390964999655
10,0.025,0.5,0.6,0.2857142857142857,0,0,9.476745733250127,0.06769840512367487,0.7562255570606448,0.7294719916582156,106.98849938972391
15,0.025,0.5,0.6,0.2857142857142857,0,0,14.418998983914143,0.1045919638578432,0.8182143671025646,0.6449966783139525,107.63206165807324
20,0.025,0.5,0.6,0.2857142857142857,0,0,19.78228202377795,0.12964177067697363,0.7438371972959051,0.5581144269815143,108.31363317714059
5,0.1,0.5,0.6,0.2857142857142857,0,0,4.499572847417312,0,0.5675487410313277,0.7762445702916769,107.53910804926385
10,0.1,0.5,0.6,0.2857142857142857,0,0,10.028807616826214,0.07281766556680261,0.7679238407028689,0.7217048956968429,107.02255655514087
15,0.1,0.5,0.6,0.2857142857142857,0,0,8.661206724501891,0.05946693789766018,0.7342415072280739,0.7362472103732974,106.96893012327146
20,0.1,0.5,0.6,0.2857142857142857,0,0,19.990389468495124,0.13035570044388078,0.734947192957516,0.5550054237243847,108.33187335843353
5,0.057,0.7,0.6,0.2857142857142857,0,0,8.671832318635715,0.059569367403496415,0.7345527282475722,0.7358813737656982,106.96891468913289
10,0.057,0.7,0.6,0.2857142857142857,0,0,8.658371195468447,0.059433681178562,0.7336372656758692,0.7359626051108522,106.96890824020942
15,0.057,0.7,0.6,0.2857142857142857,0,0,14.916837854835727,0.10724198162939923,0.8029128606200695,0.6350300352983631,107.70803753911031
20,0.057,0.7,0.6,0.2857142857142857,0,0,20.01765375548007,0.13046662461312164,0.7345260143457177,0.5557068360439462,108.33428878469897
5,0.025,0.7,0.6,0.2857142857142857,0,0,8.67296345029685,0.05958071321525556,0.734225786708691,0.7359024264666488,106.96890898782195
10,0.025,0.7,0.6,0.2857142857142857,0,0,9.481987287621438,0.06775564048011856,0.7583113658878596,0.7291247460222287,106.98887853125623
15,0.025,0.7,0.6,0.2857142857142857,0,0,14.992215497342515,0.10760272432045573,0.7954671476904782,0.6329487641038305,107.71968000710966
20,0.025,0.7,0.6,0.2857142857142857,0,0,39.9999819423937,0,1,0.2382366560874908,116.84802551397661
5,0.1,0.7,0.6,0.2857142857142857,0,0,4.5001510201816535,0,0.5677973390487892,0.7760500266622807,107.53909664854584
10,0.1,0.7,0.6,0.2857142857142857,0,0,8.662694314023485,0.05948976509501291,0.7343373254255487,0.735839733190154,106.96891481008247
15,0.1,0.7,0.6,0.2857142857142857,0,0,8.660616651531743,0.059450517210581186,0.733877354705254,0.7358105620943793,106.96890915801414
20,0.1,0.7,0.6,0.2857142857142857,0,0,20.010610678405925,0.13045692160906966,0.7358834418820943,0.5552857589663853,108.33364031723039
5,0.057,0.9,0.6,0.2857142857142857,0,0,8.659930885056166,0.05946107088456884,0.7345048143477004,0.7363310119148145,106.96894218219848
10,0.057,0.9,0.6,0.2857142857142857,0,0,9.949473489021104,0.0721393756297693,0.7682933390423655,0.7240330389396985,107.01686405398951
15,0.057,0.9,0.6,0.2857142857142857,0,0,14.967266236013472,0.10756775496723261,0.8032021787815198,0.6347594496160122,107.71600021172598
20,0.057,0.9,0.6,0.2857142857142857,0,0,20.00480787939069,0.1304494875944301,0.7352092851166773,0.5555362229139974,108.3331423444727
5,0.025,0.9,0.6,0.2857142857142857,0,0,8.65998456751406,0.05945361583399982,0.7338681087092184,0.7357996448839815,106.96890523025458
10,0.025,0.9,0.6,0.2857142857142857,0,0,9.978632559382909,0.07233328298425809,0.7655487962373979,0.7216251211532667,107.0188711186146
15,0.025,0.9,0.6,0.2857142857142857,0,0,15.063562455799417,0.10812558113315085,0.806620750688508,0.6325726625774923,107.73138598429787
20,0.025,0.9,0.6,0.2857142857142857,0,0,39.99999911465935,0,0.9999980747747355,0.23822828968468526,116.84803171092405
5,0.1,0.9,0.6,0.2857142857142857,0,0,8.657295981572044,0.05941558782385864,0.7338374628013369,0.7355251866769085,106.9689200956954
10,0.1,0.9,0.6,0.2857142857142857,0,0,8.672635850369332,0.05958009131258657,0.7342753292634103,0.7354958592444688,106.96891627266014
15,0.1,0.9,0.6,0.2857142857142857,0,0,8.68450818832725,0.0597181516097955,0.7344989121316345,0.735960782343436,106.96892186577243
20,0.1,0.9,0.6,0.2857142857142857,0,0,20.025992486173088,0.13052445796587142,0.7358504356630851,0.5553632156958572,108.33499176989841
5,0.057,0.3,0.8,0.2857142857142857,0,0,4.498745569862047,0,0.5679258474801736,0.7759308573946262,107.5391229081122
10,0.057,0.3,0.8,0.2857142857142857,0,0,8.672109438730853,0.05954422844659369,0.7338905887877912,0.7357244593969934,106.96892752782652
15,0.057,0.3,0.8,0.2857142857142857,0,0,14.931793352313026,0.10725312477767227,0.7976360923612031,0.6332763864705994,107.71023576158682
20,0.057,0.3,0.8,0.2857142857142857,0,0,20.09209236384286,0.13117964665137233,0.762545804741191,0.5594605447042924,108.34819076044201
5,0.025,0.3,0.8,0.2857142857142857,0,0,4.500832619251449,0,0.5676169738505323,0.7767317285336419,107.53912852810431
10,0.025,0.3,0.8,0.2857142857142857,0,0,8.667943682899825,0.059534191823461015,0.7339401863207755,0.7355415080248251,106.96891042904326
15,0.025,0.3,0.8,0.2857142857142857,0,0,14.804318278921752,0.10650122014430977,0.8013971402687359,0.6364724063341043,107.69042066599425
20,0.025,0.3,0.8,0.2857142857142857,0,0,19.807226979363413,0.12965795471312627,0.7383358738343699,0.5572184107418802,108.31568426497067
5,0.1,0.3,0.8,0.2857142857142857,0,0,4.499791526732189,0,0.5677516683142179,0.7760688934464599,107.53910599352311
10,0.1,0.3,0.8,0.2857142857142857,0,0,9.439970301445989,0.0673597763191931,0.755845121991608,0.729294036009648,106.98678291910132
15,0.1,0.3,0.8,0.2857142857142857,0,0,15.232198369383127,0.10890496370958885,0.7924585488513012,0.6281888751624632,107.7567697783665
20,0.1,0.3,0.8,0.2857142857142857,0,0,19.984596626140558,0.13033962939892368,0.7348848740024526,0.555242245766528,108.33136585655986
5,0.057,0.5,0.8,0.2857142857142857,0,0,4.501092366274036,0,0.5677333065820662,0.7762372349147404,107.53910292438253
10,0.057,0.5,0.8,0.2857142857142857,0,0,9.697978968129238,0.06980504343070384,0.7623081559624827,0.7268792462120457,107.00030615507087
15,0.057,0.5,0.8,0.2857142857142857,0,0,14.893696391146527,0.10714541457526683,0.804371562095147,0.6362695878117715,107.70462561394358
20,0.057,0.5,0.8,0.2857142857142857,0,0,20.0995210248814,0.1307377233988876,0.7299634046116082,0.5538527401981936,108.34143170211874
5,0.025,0.5,0.8,0.2857142857142857,0,0,8.67134687964985,0.059559471489498056,0.7341987930618644,0.7355019221648196,106.96891423308605
10,0.025,0.5,0.8,0.2857142857142857,0,0,9.993786700065481,0.07247972622474674,0.7680047065360938,0.7228841250722591,107.01997925190065
15,0.025,0.5,0.8,0.2857142857142857,0,0,14.814669746585263,0.1066580737626613,0.8053062091389853,0.6374736238452523,107.69230011693197
20,0.025,0.5,0.8,0.2857142857142857,0,0,40,0,1,0.23827947778889458,116.84802953682014
5,0.1,0.5,0.8,0.2857142857142857,0,0,4.499528551826434,0,0.5676801848072315,0.7762688975401428,107.53910853594815
10,0.1,0.5,0.8,0.2857142857142857,0,0,8.671228700973481,0.05957151881129691,0.7341776626678176,0.7357433488775332,106.96890982120017
15,0.1,0.5,0.8,0.2857142857142857,0,0,8.66222257674545,0.05947161076213374,0.7337838667488372,0.7360028564894375,106.96890977675503
20,0.1,0.5,0.8,0.2857142857142857,0,0,19.73486902526952,0.12930399583547997,0.7368643180080816,0.5577550787841277,108.3092329787109
5,0.057,0.7,0.8,0.2857142857142857,0,0,8.666456320881686,0.0595039968736569,0.7341009608854877,0.7358123793078601,106.96891383721731
10,0.057,0.7,0.8,0.2857142857142857,0,0,8.666014397231198,0.05954701932593513,0.7347669768281466,0.7357137036930774,106.968932306892
15,0.057,0.7,0.8,0.2857142857142857,0,0,15.135139861584129,0.10847358507218355,0.8012259995218443,0.6317485462482069,107.74193283112662
20,0.057,0.7,0.8,0.2857142857142857,0,0,20.15166672284979,0.13101588142397327,0.7328620454416983,0.5536739188387838,108.34579021935706
5,0.025,0.7,0.8,0.2857142857142857,0,0,5.098684255156146,0.0113014803425453,0.6023060315082573,0.7595547750215579,107.38107509055526
10,0.025,0.7,0.8,0.2857142857142857,0,0,10.05863926822919,0.07310984455681398,0.7695950290649842,0.7224837430943594,107.02492886890779
15,0.025,0.7,0.8,0.2857142857142857,0,0,14.95982790985094,0.10754348828285284,0.8048718646372282,0.6342787442864847,107.71494732939045
20,0.025,0.7,0.8,0.2857142857142857,0,0,39.999987485771996,0,1,0.23826975401806239,116.84802554535203
5,0.1,0.7,0.8,0.2857142857142857,0,0,5.065461236203128,0.010745039524079342,0.6013999261820864,0.7592016696973812,107.38919079507603
10,0.1,0.7,0.8,0.2857142857142857,0,0,10.008285088370148,0.0726527577262065,0.769111864009458,0.72248761886892,107.02107978062983
15,0.1,0.7,0.8,0.2857142857142857,0,0,15.028599380452434,0.10797708315080304,0.808817625391955,0.6342751316701358,107.72643032338279
20,0.1,0.7,0.8,0.2857142857142857,0,0,20.150342083852053,0.131013582963312,0.7347469001662366,0.553679167138033,108.3456821161234
5,0.057,0.9,0.8,0.2857142857142857,0,0,5.067228694136128,0.010756015941085615,0.6001895631547657,0.762570552002956,107.38849461701243
10,0.057,0.9,0.8,0.2857142857142857,0,0,8.672330352181033,0.05957298493540451,0.7343646619510185,0.735750911027207,106.96891052680704
15,0.057,0.9,0.8,0.2857142857142857,0,0,15.087204077010483,0.10810070785653025,0.7891319659400399,0.6322154811411752,107.73531953223517
20,0.057,0.9,0.8,0.2857142857142857,0,0,8.67740445503877,0.05964010397082295,0.7342540512914242,0.7358391381918629,106.96891582131298
5,0.025,0.9,0.8,0.2857142857142857,0,0,8.658374024088245,0.05940549371812874,0.7340134806396532,0.7356936024905709,106.9689325940091
10,0.025,0.9,0.8,0.2857142857142857,0,0,10.09965509225558,0.07345289422355256,0.7703127348005138,0.7213059671095661,107.02808430484856
15,0.025,0.9,0.8,0.2857142857142857,0,0,8.603821602059991,0.05877686320701093,0.7329512312968893,0.7377665365920161,106.96925597005162
20,0.025,0.9,0.8,0.2857142857142857,0,0,39.99995808901643,0,1,0.238259964338425,116.84802553962152
5,0.1,0.9,0.8,0.2857142857142857,0,0,5.027585389875226,0.010078751942126802,0.599099071971424,0.7623356215359547,107.39796670338389
10,0.1,0.9,0.8,0.2857142857142857,0,0,10.15225494187426,0.07394013273949254,0.7720895174371871,0.7203791421075242,107.0323507600557
15,0.1,0.9,0.8,0.2857142857142857,0,0,15.075817159124146,0.10813316293128925,0.8047773714339386,0.6318535826749213,107.73302366437159
20,0.1,0.9,0.8,0.2857142857142857,0,0,20.25990255833833,0.13142142006006857,0.732821350134619,0.5527671398079936,108.35495195505437
5,0.057,0.3,1,0.2857142857142857,0,0,4.499844316335091,0,0.5677477708546224,0.7762379087587628,107.53911636853528
10,0.057,0.3,1,0.2857142857142857,0,0,8.66299728848287,0.05947512808458648,0.7341815034326555,0.7362131150941436,106.96891512039049
15,0.057,0.3,1,0.2857142857142857,0,0,14.912583227159747,0.10824145832034063,0.8336307742770216,1,109.61441723747623
20,0.057,0.3,1,0.2857142857142857,0,0,20.13459752170532,0.13087761387655827,0.7289176464195402,0.5534296239351344,108.344464377011
5,0.025,0.3,1,0.2857142857142857,0,0,4.499844316335091,0,0.5677477708546224,0.7762379087587628,107.53911636853528
10,0.025,0.3,1,0.2857142857142857,0,0,8.66458762008608,0.05949483832018075,0.7341321351209651,0.7359484356632291,106.96891103004847
15,0.025,0.3,1,0.2857142857142857,0,0,14.245632774650657,0.1047523200361786,1,0.6599108622767149,107.87678464882856
20,0.025,0.3,1,0.2857142857142857,0,0,9.979873960238773,0.07229589841781991,0.7631069395200927,0.7091065362654342,107.0300369999961
5,0.1,0.3,1,0.2857142857142857,0,0,4.500588273834429,0,0.567747391734873,0.7760377160938392,107.53909518089027
10,0.1,0.3,1,0.2857142857142857,0,0,10.167115102718212,0.07483566162899039,0.8031776745678495,1,108.48624141380384
15,0.1,0.3,1,0.2857142857142857,0,0,8.681847478325054,0.05967726257520081,0.7343819972153385,0.7357563224639824,106.96891942262184
20,0.1,0.3,1,0.2857142857142857,0,0,19.158154504007406,0.12705469339846753,0.7451342668029195,0.5649403602686598,108.2546612901992
5,0.057,0.5,1,0.2857142857142857,0,0,4.500505938043431,0,0.5678251936416499,0.7761773098029983,107.5391189283071
10,0.057,0.5,1,0.2857142857142857,0,0,9.63361116027362,0.06918025774338006,0.7599807516762744,0.7260095124670685,106.99653713320075
15,0.057,0.5,1,0.2857142857142857,0,0,8.535241790708072,0.058300762428200134,0.7525284213817885,1,108.34830790988832
20,0.057,0.5,1,0.2857142857142857,0,0,19.92838183174972,0.13071132465455843,0.7450474614303841,1,110.4912890540388
5,0.025,0.5,1,0.2857142857142857,0,0,8.669284551396057,0.059555208071416725,0.734335401411683,0.7357766979142981,106.96891135367157
10,0.025,0.5,1,0.2857142857142857,0,0,9.930084239320532,0.07266244287110826,0.7981955577035647,1,108.45087247509207
15,0.025,0.5,1,0.2857142857142857,0,0,14.964412637776718,0.10757895717711605,0.8065846215866492,0.6348816570677087,107.71593147535354
20,0.025,0.5,1,0.2857142857142857,0,0,39.999986594228254,0,1,0.23829708487147253,116.84802551739789
5,0.1,0.5,1,0.2857142857142857,0,0,4.499388411417524,0,0.5677533002414232,0.7762548764136703,107.53911462055234
10,0.1,0.5,1,0.2857142857142857,0,0,8.533974639064613,0.05829852810466342,0.7524597671108535,1,108.34830656413314
15,0.1,0.5,1,0.2857142857142857,0,0,8.684115370798533,0.05970276725070835,0.7347447678270005,0.7353629460498303,106.96892541425065
20,0.1,0.5,1,0.2857142857142857,0,0,19.965655976914473,0.1307965823565379,0.742796926654947,0.9991971017162244,110.49367341055341
5,0.057,0.7,1,0.2857142857142857,0,0,4.491904886625546,1.837303683527079e-4,0.5686238695812087,0.7824069915780368,107.54168371437258
10,0.057,0.7,1,0.2857142857142857,0,0,8.660574305185746,0.05946400178930976,0.7339470687061955,0.7359612652963436,106.96892503715505
15,0.057,0.7,1,0.2857142857142857,0,0,8.67353396104477,0.05959473620675053,0.7343461838962835,0.7355808030902584,106.96891271690384
20,0.057,0.7,1,0.2857142857142857,0,0,11.782983453501132,0.08863632799767614,1,0.7136635485816198,107.66728077887046
5,0.025,0.7,1,0.2857142857142857,0,0,8.668973650919913,0.0595559061891238,0.7342568536730305,0.735764281296241,106.96891307899077
10,0.025,0.7,1,0.2857142857142857,0,0,9.51464038892995,0.06807121477028812,0.7565443145352453,0.7272703117166608,106.99027724586273
15,0.025,0.7,1,0.2857142857142857,0,0,11.781298156970752,0.08863109564660623,1,0.7136342249778034,107.66728558268444
20,0.025,0.7,1,0.2857142857142857,0,0,39.99995803062387,0,1,0.23831617778111328,116.84802563757594
5,0.1,0.7,1,0.2857142857142857,0,0,6.153594787516971,0.028305725700366317,0.650196654160007,0.7427192135389874,107.17251252781193
10,0.1,0.7,1,0.2857142857142857,0,0,10.09885650755792,0.07344637210472696,0.7688057190831791,0.7208916438365661,107.02799504325843
15,0.1,0.7,1,0.2857142857142857,0,0,8.676636777091172,0.05962368358145019,0.7341583534711139,0.735191571774324,106.96892823732483
20,0.1,0.7,1,0.2857142857142857,0,0,19.399493058910323,0.1280880130636448,0.7472642458992017,0.562285641593544,108.27802220394932
5,0.057,0.9,1,0.2857142857142857,0,0,8.66835865653409,0.0595604340523118,0.7343358880458865,0.7357990097438787,106.96890639322339
10,0.057,0.9,1,0.2857142857142857,0,0,9.773992239932504,0.07049675868313987,0.7631597878508152,0.7242077165362453,107.0049094315113
15,0.057,0.9,1,0.2857142857142857,0,0,15.27714978279313,0.10899042455779084,0.7784774568415129,0.6279065775924884,107.76681983885642
20,0.057,0.9,1,0.2857142857142857,0,0,17.977424198001998,0.12230788083791672,0.784965725959687,0.5800285281445835,108.1323866714218
5,0.025,0.9,1,0.2857142857142857,0,0,8.681730943259486,0.059688587863773665,0.7346060026880553,0.7356983252087586,106.96891340770371
10,0.025,0.9,1,0.2857142857142857,0,0,9.28046329556017,0.0657877457102024,0.7514269458675527,0.72982712570933,106.98026205977874
15,0.025,0.9,1,0.2857142857142857,0,0,14.790487345192211,0.10654440249194465,0.8045058991067279,0.6363144746898188,107.68838512942577
20,0.025,0.9,1,0.2857142857142857,0,0,40,0,1,0.2382824768976218,116.84802953021476
5,0.1,0.9,1,0.2857142857142857,0,0,6.958584671987556,0.039557770651521024,0.6810791968239507,0.7376313479375503,107.06416945685365
10,0.1,0.9,1,0.2857142857142857,0,0,9.898869549482468,0.07161474790748913,0.7643276679802664,0.7229586051208914,107.01314374891933
15,0.1,0.9,1,0.2857142857142857,0,0,8.66920269666483,0.05954581272372495,0.7338104378888848,0.7356193165366868,106.96891760803238
20,0.1,0.9,1,0.2857142857142857,0,0,19.873858157124978,0.1299646406833861,0.7405712819529439,0.556741887066438,108.32170664240948
5,0.057,0.3,0.4,0.7142857142857143,0,0,4.1963580590515,0,0.49852000105348615,0.8039649962120989,107.27697564897375
10,0.057,0.3,0.4,0.7142857142857143,0,0,7.444330876221866,0.04870013168949942,0.6544089409422704,0.7564460972920419,107.0438693681964
15,0.057,0.3,0.4,0.7142857142857143,0,0,11.78208607466414,0.0886383281388447,1,0.7134506748067537,107.66728246638019
20,0.057,0.3,0.4,0.7142857142857143,0,0,7.4421680428345125,0.04868817340473748,0.6534551991766835,0.7563917112386941,107.04385830703364
5,0.025,0.3,0.4,0.7142857142857143,0,0,4.196913700110707,0,0.4977439647321643,0.8036813550223787,107.27695150287961
10,0.025,0.3,0.4,0.7142857142857143,0,0,9.592282013369532,0.07090609057375902,0.7369446469002475,0.7355451491308685,107.14003551849977
15,0.025,0.3,0.4,0.7142857142857143,0,0,7.429682220534715,0.04853801475839738,0.6532580401054593,0.756873476518594,107.04385362118684
20,0.025,0.3,0.4,0.7142857142857143,0,0,11.786628990970257,0.0886625812248938,1,0.7133502310331586,107.66728659512755
5,0.1,0.3,0.4,0.7142857142857143,0,0,4.196934574270253,0,0.49804125238078634,0.8036372520439332,107.27694209464818
10,0.1,0.3,0.4,0.7142857142857143,0,0,9.909905325813527,0.07377908465099675,0.7483268214574901,0.7301847956201575,107.16973640432856
15,0.1,0.3,0.4,0.7142857142857143,0,0,14.492455501260574,0.10634674549796899,0.9106925704846787,0.6530438791133755,107.86001783734719
20,0.1,0.3,0.4,0.7142857142857143,0,0,11.785461739341574,0.08866173658126789,1,0.7135270609450712,107.66728519007131
5,0.057,0.5,0.4,0.7142857142857143,0,0,4.196502153449303,0,0.4981752552022639,0.8037484073373837,107.2769535638271
10,0.057,0.5,0.4,0.7142857142857143,0,0,9.905489905705931,0.07376587527073517,0.7474567627886508,0.7304834500825661,107.16926761606197
15,0.057,0.5,0.4,0.7142857142857143,0,0,14.536886769080413,0.10654212932800816,0.8801067836447327,0.6508373697435279,107.85941117562794
20,0.057,0.5,0.4,0.7142857142857143,0,0,11.782969347334237,0.08862529813387328,1,0.7133580288011732,107.66728824398461
5,0.025,0.5,0.4,0.7142857142857143,0,0,4.1973443262514945,0,0.4981040708992529,0.8031716869008435,107.2769651779547
10,0.025,0.5,0.4,0.7142857142857143,0,0,9.573513210021357,0.07074949981509251,0.7366180958808362,0.736679390415943,107.13851308971017
15,0.025,0.5,0.4,0.7142857142857143,0,0,14.919459576967586,0.10870494129385558,0.8712965245525439,0.6418578003379524,107.92178169069477
20,0.025,0.5,0.4,0.7142857142857143,0,0,40,0,1,0.23827993524289529,116.84803036656808
5,0.1,0.5,0.4,0.7142857142857143,0,0,4.196391679448444,0,0.49829467599088145,0.8037603759589544,107.27695764466385
10,0.1,0.5,0.4,0.7142857142857143,0,0,9.788946386811151,0.07267658539315669,0.745922555971144,0.7329196705737843,107.15814883408737
15,0.1,0.5,0.4,0.7142857142857143,0,0,7.430109276682462,0.04855638368483004,0.653320044702226,0.7564578279540994,107.04385305053101
20,0.1,0.5,0.4,0.7142857142857143,0,0,7.42698769791868,0.048492315349958244,0.6531452411520222,0.7568201269627863,107.04384712630842
5,0.057,0.7,0.4,0.7142857142857143,0,0,4.196778874296013,0,0.4983293896738312,0.8031611451318885,107.27695826352851
10,0.057,0.7,0.4,0.7142857142857143,0,0,9.709698303944277,0.07198600294414538,0.744697996220985,0.7344353947160428,107.15099746733286
15,0.057,0.7,0.4,0.7142857142857143,0,0,15.013745457040368,0.10934108268057939,0.8595163119064053,0.6406555888155356,107.93802835497026
20,0.057,0.7,0.4,0.7142857142857143,0,0,11.787753195664232,0.08868131738719812,1,0.7134744574235559,107.6672822515365
5,0.025,0.7,0.4,0.7142857142857143,0,0,5.392651856629084,0.02096032706995288,0.5616032788798546,0.7771285312646774,107.13154207654232
10,0.025,0.7,0.4,0.7142857142857143,0,0,9.540283859467015,0.07049019565185968,0.738512977985697,0.7367118791048182,107.13593089638591
15,0.025,0.7,0.4,0.7142857142857143,0,0,14.71227939727181,0.10758349190790178,0.8753910595831633,0.648101139751608,107.88802218400258
20,0.025,0.7,0.4,0.7142857142857143,0,0,39.99997962519713,0,1,0.23831218295588968,116.84802502350722
5,0.1,0.7,0.4,0.7142857142857143,0,0,4.196676709229857,0,0.49813124536189063,0.8037876093275037,107.2769458363259
10,0.1,0.7,0.4,0.7142857142857143,0,0,7.558944729613238,0.05017897074893719,0.662501656703405,0.7555793966538609,107.04473164622
15,0.1,0.7,0.4,0.7142857142857143,0,0,14.918235475261564,0.10869838615798347,0.8727775849158721,0.6423736891661209,107.92161470607776
20,0.1,0.7,0.4,0.7142857142857143,0,0,19.957635422164593,0.13205305993645566,0.884916536511564,0.5608999142026478,108.62083766010872
5,0.057,0.9,0.4,0.7142857142857143,0,0,4.196814811375092,0,0.4975792802578761,0.8039857532455768,107.2769599788277
10,0.057,0.9,0.4,0.7142857142857143,0,0,9.977626148620882,0.07439789055972382,0.7517395039940433,0.7303410055418795,107.17656965593157
15,0.057,0.9,0.4,0.7142857142857143,0,0,14.882690797029616,0.1085397901817174,0.8680899978652491,0.6430465463506833,107.91573179708641
20,0.057,0.9,0.4,0.7142857142857143,0,0,7.424958883078274,0.048473876492937815,0.6530012596718964,0.756798527455002,107.04386187994983
5,0.025,0.9,0.4,0.7142857142857143,0,0,5.166887553264255,0.01731521488536203,0.5503149095665023,0.7797893346029707,107.15264577836834
10,0.025,0.9,0.4,0.7142857142857143,0,0,6.727969304044285,0,0.9999980289693647,0.745628869148691,119.75116390716673
15,0.025,0.9,0.4,0.7142857142857143,0,0,11.41585882362641,0.08621148204772511,0.9694420064877887,0.718403723185658,107.60338836208489
20,0.025,0.9,0.4,0.7142857142857143,0,0,40,0,1,0.2382829864255696,116.8480303600646
5,0.1,0.9,0.4,0.7142857142857143,0,0,6.73352087839613,0,0.9999998433605273,0.7458969871309322,119.75108935107397
10,0.1,0.9,0.4,0.7142857142857143,0,0,11.788190220517821,0.08867879384733748,0.9997089812312939,0.713601194202844,107.66665676105805
15,0.1,0.9,0.4,0.7142857142857143,0,0,15.104992965932935,0.10963705167167266,0.8707911397142944,0.6378581014035554,107.95239375511153
20,0.1,0.9,0.4,0.7142857142857143,0,0,19.97418922785008,0.13192868901706672,0.9849957976645844,0.5616076378986996,108.62915713031543
5,0.057,0.3,0.6,0.7142857142857143,0,0,4.197053136252829,0,0.497691690593613,0.8038950873832208,107.2769548968377
10,0.057,0.3,0.6,0.7142857142857143,0,0,9.586264741932656,0.07072717007501184,0.7380164485370895,0.7331390884196718,107.14015273990734
15,0.057,0.3,0.6,0.7142857142857143,0,0,15.129151030717221,0.109869358050444,0.8622660371378758,0.6394212987747194,107.95692814509714
20,0.057,0.3,0.6,0.7142857142857143,0,0,7.424432633022113,0.04847131708254532,0.6530397391992034,0.7565020524062867,107.04384189116057
5,0.025,0.3,0.6,0.7142857142857143,0,0,4.1971814342564695,0,0.4977170362743874,0.8039611729572346,107.27693944809091
10,0.025,0.3,0.6,0.7142857142857143,0,0,9.370775976864955,0.06887476175170196,0.7299018210792153,0.738586235737464,107.12163060246542
15,0.025,0.3,0.6,0.7142857142857143,0,0,14.741320553419916,0.10784548419035198,0.8681634484920786,0.6472343667886634,107.8926667310118
20,0.025,0.3,0.6,0.7142857142857143,0,0,19.746128513389248,0.13111908269333622,0.9108716579324699,0.5641567284428051,108.59822148770157
5,0.1,0.3,0.6,0.7142857142857143,0,0,4.196752954368937,0,0.4977860639106163,0.80375367360049,107.27695237718886
10,0.1,0.3,0.6,0.7142857142857143,0,0,9.882277121486633,0.0734978091979632,0.746670758197393,0.7315608445350948,107.16696714166835
15,0.1,0.3,0.6,0.7142857142857143,0,0,7.421565564137138,0.04846561433650186,0.6524639484443011,0.7562395547571932,107.04388776216985
20,0.1,0.3,0.6,0.7142857142857143,0,0,20.10061876297673,0.13254278200566952,0.8824585273180856,0.5588602688168314,108.63611986916803
5,0.057,0.5,0.6,0.7142857142857143,0,0,4.26911972629067,0.001389895266229188,0.5016116637982649,0.7975909100730558,107.26674961470924
10,0.057,0.5,0.6,0.7142857142857143,0,0,7.428652042162694,0.04853076566634064,0.6532546785630088,0.7569466878709116,107.04385481683521
15,0.057,0.5,0.6,0.7142857142857143,0,0,11.755856002295367,0.08830611193612012,0.9953416976624065,0.7145205969738472,107.6578450102437
20,0.057,0.5,0.6,0.7142857142857143,0,0,19.902512011814043,0.13186136275488697,0.9040626784766742,0.5616538731597998,108.61508297566556
5,0.025,0.5,0.6,0.7142857142857143,0,0,7.426881914516571,0.048499483714279645,0.6531868896316915,0.7568227926394933,107.04385937693154
10,0.025,0.5,0.6,0.7142857142857143,0,0,10.344168333308208,0.07748311590289061,0.7576124376847821,0.7236062951048197,107.21612864864204
15,0.025,0.5,0.6,0.7142857142857143,0,0,14.748373364311004,0.10784084979636138,0.870397934847494,0.6476666488269254,107.89392417914927
20,0.025,0.5,0.6,0.7142857142857143,0,0,39.99998673995263,0,1,0.2383185386006504,116.84802573235318
5,0.1,0.5,0.6,0.7142857142857143,0,0,4.197100669745615,0,0.4980864703860603,0.8036309821028749,107.27694273820009
10,0.1,0.5,0.6,0.7142857142857143,0,0,9.951708770812406,0.07412501030424931,0.7486887841776696,0.7299534793433599,107.17384241989782
15,0.1,0.5,0.6,0.7142857142857143,0,0,7.432412087099911,0.04857029013231257,0.6534106626523406,0.7565576203902207,107.04386693739663
20,0.1,0.5,0.6,0.7142857142857143,0,0,20.280316490993627,0.13322983016870782,0.8440216773583935,0.5540517048847684,108.65781219198819
5,0.057,0.7,0.6,0.7142857142857143,0,0,4.979269516599419,0.01427672473035587,0.5421023558035886,0.7830808012005714,107.17210585129476
10,0.057,0.7,0.6,0.7142857142857143,0,0,7.4210261504168,0.04845796495445559,0.6531428266497336,0.7566523595092409,107.04384381969707
15,0.057,0.7,0.6,0.7142857142857143,0,0,7.450075634842956,0.048776546467570646,0.6543662311671672,0.7565109190556814,107.04385191462367
20,0.057,0.7,0.6,0.7142857142857143,0,0,11.78230180090928,0.08863711426750365,1,0.7135318986195724,107.66728256725905
5,0.025,0.7,0.6,0.7142857142857143,0,0,5.0912482879489165,0.01615642723639442,0.5478498517189903,0.7809591651955492,107.16024960817332
10,0.025,0.7,0.6,0.7142857142857143,0,0,9.901655751720657,0.07366113282575389,0.7458895965420717,0.731030126650627,107.1688634965189
15,0.025,0.7,0.6,0.7142857142857143,0,0,14.947358129066602,0.10886720207035497,0.8572018525416681,0.6416143389146967,107.92703540879701
20,0.025,0.7,0.6,0.7142857142857143,0,0,39.999983999608986,0,1,0.23840891146328497,116.84802940479892
5,0.1,0.7,0.6,0.7142857142857143,0,0,4.96553004243912,0.014027325840720656,0.5413678663999374,0.78343197593642,107.17357674686954
10,0.1,0.7,0.6,0.7142857142857143,0,0,7.434597701927616,0.04858788745458898,0.6529745022633515,0.7564294976371583,107.04386256823013
15,0.1,0.7,0.6,0.7142857142857143,0,0,14.869470543968966,0.108460646045457,0.8820609427937232,0.6437118004270546,107.91426563562517
20,0.1,0.7,0.6,0.7142857142857143,0,0,19.99242069475668,0.13220695496039908,0.8974422257207137,0.5609762735182235,108.62460243731967
5,0.057,0.9,0.6,0.7142857142857143,0,0,7.430538887987104,0.048562593476400504,0.6538097711887587,0.7560410196905767,107.04388557015729
10,0.057,0.9,0.6,0.7142857142857143,0,0,9.848871936704013,0.07321571734033147,0.7447470459818417,0.7319137095129016,107.16368835953234
15,0.057,0.9,0.6,0.7142857142857143,0,0,14.897705762970155,0.10853512144100122,0.8695622767312514,0.6431912706986491,107.91826331687612
20,0.057,0.9,0.6,0.7142857142857143,0,0,20.002073084492174,0.13220343826583741,0.9023039904306522,0.5611018759199407,108.62574541102039
5,0.025,0.9,0.6,0.7142857142857143,0,0,5.040591645811208,0.015294789310981008,0.5447918733451356,0.7817241677462428,107.16554444646414
10,0.025,0.9,0.6,0.7142857142857143,0,0,10.032916326305376,0.07483357817105833,0.7501513752303886,0.7280484962977238,107.1821776352923
15,0.025,0.9,0.6,0.7142857142857143,0,0,15.049132903141498,0.10931106216726721,0.8482173506786338,0.6352362452253016,107.94577761875128
20,0.025,0.9,0.6,0.7142857142857143,0,0,39.99432021519231,0,0.9999893576819789,0.23839395127893784,116.8482733307783
5,0.1,0.9,0.6,0.7142857142857143,0,0,5.17530695524185,0.017488970269916672,0.5511087874645343,0.7797514133899747,107.15177585590466
10,0.1,0.9,0.6,0.7142857142857143,0,0,10.014783419402463,0.07467326532017729,0.7514844251064356,0.7294778425544293,107.18026437757572
15,0.1,0.9,0.6,0.7142857142857143,0,0,7.414824752958051,0.048364703430754,0.6526337546573,0.7566917755627991,107.04386525373071
20,0.1,0.9,0.6,0.7142857142857143,0,0,19.997727649737556,0.13218322460902845,0.8898038840202634,0.5603791859290153,108.62508877504511
5,0.057,0.3,0.8,0.7142857142857143,0,0,4.782292811553331,0.01082993434638796,0.5303058774986246,0.7879090540389879,107.19473784215762
10,0.057,0.3,0.8,0.7142857142857143,0,0,9.529091868729227,0.07036855435605369,0.7366061817502436,0.7366198172720881,107.1347498831858
15,0.057,0.3,0.8,0.7142857142857143,0,0,14.448547655294167,0.10606137923724593,0.8877349508416339,0.6507875155922095,107.84643758628614
20,0.057,0.3,0.8,0.7142857142857143,0,0,11.79195175849825,0.08869995803190034,1,0.7134433604427378,107.66728827136485
5,0.025,0.3,0.8,0.7142857142857143,0,0,5.13338579728644,0.016695985381947817,0.5483007373977592,0.778130260419355,107.15674051016883
10,0.025,0.3,0.8,0.7142857142857143,0,0,10.00995015145725,0.07463977294608928,0.7506488914337018,0.7296450972882289,107.17976718053932
15,0.025,0.3,0.8,0.7142857142857143,0,0,14.776131514247709,0.10796020137920301,0.8783806048844635,0.6466617361275643,107.89872999770976
20,0.025,0.3,0.8,0.7142857142857143,0,0,19.54845810055223,0.13039774066738935,0.9266393044209882,0.5670564964659212,108.57694543245174
5,0.1,0.3,0.8,0.7142857142857143,0,0,4.197474757187322,0,0.49786746105405083,0.8037693894159229,107.27693894029605
10,0.1,0.3,0.8,0.7142857142857143,0,0,10.071965687044315,0.07522993727312996,0.7538856819020886,0.7298182574867945,107.1863323788214
15,0.1,0.3,0.8,0.7142857142857143,0,0,7.441758073767804,0.04868095243429053,0.6537656296597201,0.7567893032681446,107.04384990414454
20,0.1,0.3,0.8,0.7142857142857143,0,0,20.045022564065853,0.13234450046006402,0.8501865303195004,0.55725293379699,108.63254034228189
5,0.057,0.5,0.8,0.7142857142857143,0,0,5.005984044873818,0.014670858621650849,0.5422603834580925,0.7828395655882633,107.16923869686306
10,0.057,0.5,0.8,0.7142857142857143,0,0,9.863054738793664,0.07337778379097973,0.7470347695400503,0.7321083820083387,107.16513459523249
15,0.057,0.5,0.8,0.7142857142857143,0,0,14.939245206498184,0.10877417016747049,0.8700272977042735,0.6413121661844476,107.92503012652942
20,0.057,0.5,0.8,0.7142857142857143,0,0,7.420616706539922,0.048450937218478526,0.6530261919529752,0.7568989938595931,107.0438671115194
5,0.025,0.5,0.8,0.7142857142857143,0,0,5.035855997249275,0.015275096339720443,0.54503514955705,0.7818596375192121,107.16620006577534
10,0.025,0.5,0.8,0.7142857142857143,0,0,9.966615519310356,0.07423869212776697,0.7485586626722938,0.729032689563025,107.17538689731822
15,0.025,0.5,0.8,0.7142857142857143,0,0,7.430426459523787,0.04856980436920466,0.6534007196013436,0.7561838460798962,107.04385496449085
20,0.025,0.5,0.8,0.7142857142857143,0,0,39.99998194417532,0,1,0.23838213288904225,116.84802716910959
5,0.1,0.5,0.8,0.7142857142857143,0,0,5.002374006462611,0.01459807230814478,0.5421061974660433,0.7830937629618695,107.169630714417
10,0.1,0.5,0.8,0.7142857142857143,0,0,10.260759275708818,0.07673532355075696,0.7554480404165254,0.7254898049789926,107.20670610161034
15,0.1,0.5,0.8,0.7142857142857143,0,0,7.429469133257685,0.048544732299903595,0.6534797981205398,0.7570695656466492,107.0438677225026
20,0.1,0.5,0.8,0.7142857142857143,0,0,20.026398442446936,0.13231081454776816,0.9042394497168718,0.5599919843097318,108.62836156946854
5,0.057,0.7,0.8,0.7142857142857143,0,0,5.208266164888586,0.01800240457073866,0.5524202136453027,0.778564677698782,107.14863124421605
10,0.057,0.7,0.8,0.7142857142857143,0,0,7.428343182568807,0.048535864576196006,0.6534909352327719,0.756291743115688,107.0438632350365
15,0.057,0.7,0.8,0.7142857142857143,0,0,15.391406835903695,0.11117161161723166,0.8535255664604071,0.6329319486934728,108.000799970359
20,0.057,0.7,0.8,0.7142857142857143,0,0,19.916512880606305,0.13184465546885488,0.9282360563604909,0.562094593225722,108.61760690627987
5,0.025,0.7,0.8,0.7142857142857143,0,0,5.123573056987154,0.016620053185859584,0.5483759413617725,0.7808674435275396,107.15691861663095
10,0.025,0.7,0.8,0.7142857142857143,0,0,10.010117127423506,0.07462319712131284,0.7501125658159038,0.7294324483127597,107.1797722049002
15,0.025,0.7,0.8,0.7142857142857143,0,0,15.056868982888727,0.10940847270554228,0.8440962528364404,0.6367738257363815,107.94734120193723
20,0.025,0.7,0.8,0.7142857142857143,0,0,39.999987485771996,0,1,0.23826975401806239,116.84802554535203
5,0.1,0.7,0.8,0.7142857142857143,0,0,4.975949420969021,0.014211896807136993,0.5425353805486013,0.7827704445564788,107.17247555823451
10,0.1,0.7,0.8,0.7142857142857143,0,0,10.002722634998772,0.07460364644499032,0.7512291656649238,0.7295971732939919,107.17904514910428
15,0.1,0.7,0.8,0.7142857142857143,0,0,7.428914125175381,0.04852194093089067,0.6530889781418776,0.75712706445822,107.04387186713593
20,0.1,0.7,0.8,0.7142857142857143,0,0,11.783577934136181,0.08864542900855171,1,0.7136466591854196,107.66728380846367
5,0.057,0.9,0.8,0.7142857142857143,0,0,5.40050445328547,0.021078753560710133,0.5626319573185121,0.7754823617525977,107.13086022512564
10,0.057,0.9,0.8,0.7142857142857143,0,0,7.453520804960582,0.04884059082840946,0.6543391244723866,0.756277173720936,107.04385275898989
15,0.057,0.9,0.8,0.7142857142857143,0,0,15.129242115751396,0.10982549702081582,0.8475332965927376,0.6375660295974506,107.95868944993747
20,0.057,0.9,0.8,0.7142857142857143,0,0,19.868019952852492,0.13146013402300707,0.999231681023853,0.563313104547329,108.61942753130535
5,0.025,0.9,0.8,0.7142857142857143,0,0,7.445181064179648,0.04868984766748487,0.6534688089772182,0.7563886128102408,107.04387336617836
10,0.025,0.9,0.8,0.7142857142857143,0,0,10.051567128337616,0.07498956476662078,0.7521961405243958,0.7292044749350376,107.18406476393629
15,0.025,0.9,0.8,0.7142857142857143,0,0,14.972646671521549,0.10896745214270945,0.8649989805085225,0.6408247298350175,107.93062122589825
20,0.025,0.9,0.8,0.7142857142857143,0,0,39.99995808901643,0,1,0.238259964338425,116.84802553962152
5,0.1,0.9,0.8,0.7142857142857143,0,0,4.964375893443243,0.01400940397970296,0.5416072226678965,0.7829985521331233,107.17373999826965
10,0.1,0.9,0.8,0.7142857142857143,0,0,7.4604606488771905,0.04891000831674994,0.6540732010511657,0.7563993926353967,107.04386295123771
15,0.1,0.9,0.8,0.7142857142857143,0,0,7.434119305410916,0.04859035779935989,0.6529577002041779,0.7565410901461804,107.04386432761223
20,0.1,0.9,0.8,0.7142857142857143,0,0,20.14980722216032,0.13257919409921948,0.9960350407301395,0.5601354569982528,108.64869370029064
5,0.057,0.3,1,0.7142857142857143,0,0,4.832425807846738,0.011703100786355277,0.5328250577819286,0.786491866832874,107.18882058997555
10,0.057,0.3,1,0.7142857142857143,0,0,9.244119037915901,0.06765758538948795,0.7255936220974357,0.7392841703237771,107.11190127147243
15,0.057,0.3,1,0.7142857142857143,0,0,10.85467327426387,0.08216464866912593,1,1,109.04478190550981
20,0.057,0.3,1,0.7142857142857143,0,0,7.507787719095679,0.04892556934831564,0.6632502134188021,1,108.3531243663441
5,0.025,0.3,1,0.7142857142857143,0,0,5.017746417928581,0.013907220536987636,0.5057156708963558,1,108.46464011451954
10,0.025,0.3,1,0.7142857142857143,0,0,10.044806064200309,0.07531882794204635,0.7866487269478812,1,108.58817390391454
15,0.025,0.3,1,0.7142857142857143,0,0,6.979758342824605,0.043063909679718806,0.6336419052385001,0.7642032899641197,107.04913759520085
20,0.025,0.3,1,0.7142857142857143,0,0,7.517471930101939,0.04909097997473137,0.664347626004442,1,108.35313724583635
5,0.1,0.3,1,0.7142857142857143,0,0,4.196932722402316,0,0.49797982824738873,0.803686910371029,107.27693932101957
10,0.1,0.3,1,0.7142857142857143,0,0,10.348841141552892,0.07803738009857837,0.7952490261228555,1,108.64570087104988
15,0.1,0.3,1,0.7142857142857143,0,0,7.443110829743208,0.04870632144723963,0.6536345386219653,0.7567612712050125,107.04386291821442
20,0.1,0.3,1,0.7142857142857143,0,0,7.488356455041787,0.048708201736683596,0.661847763970776,1,108.35314077778527
5,0.057,0.5,1,0.7142857142857143,0,0,5.4535464761159185,0.02198031188969747,0.5673561971622755,0.7732250411637227,107.12653105591913
10,0.057,0.5,1,0.7142857142857143,0,0,9.30072401915447,0.06817551704986229,0.7253965150159076,0.7372638032301152,107.11616310057485
15,0.057,0.5,1,0.7142857142857143,0,0,7.485117149725648,0.04866018761453495,0.6627334761845438,0.999005307832483,108.3473832808343
20,0.057,0.5,1,0.7142857142857143,0,0,19.63847717334962,0.13077580946035794,0.8688291080463397,0.5636293452356089,108.58667266943218
5,0.025,0.5,1,0.7142857142857143,0,0,7.441700728321753,0.04868786317537332,0.653734051144526,0.7564664224834866,107.04386178574427
10,0.025,0.5,1,0.7142857142857143,0,0,9.846790277510227,0.07319702382041418,0.7456922808402571,0.7319206336606058,107.16350114310099
15,0.025,0.5,1,0.7142857142857143,0,0,14.326880762112811,0.10527925375609276,0.8805467801808924,0.6531155080251532,107.82507332241823
20,0.025,0.5,1,0.7142857142857143,0,0,39.999986594228254,0,1,0.23829708487147253,116.84802551739789
5,0.1,0.5,1,0.7142857142857143,0,0,4.892904255824661,0.012785801891747111,0.5372140285485094,0.7858962432966115,107.18169386269645
10,0.1,0.5,1,0.7142857142857143,0,0,10.336978566540326,0.07739490088266351,0.7554340902277399,0.7238444011877054,107.21558504939517
15,0.1,0.5,1,0.7142857142857143,0,0,7.446497591269017,0.0487400358736821,0.6539345076374011,0.7564352550601359,107.04385941652953
20,0.1,0.5,1,0.7142857142857143,0,0,10.72602350709184,0.08111742094695315,1,0.9593328953518977,108.83852804005986
5,0.057,0.7,1,0.7142857142857143,0,0,4.418316250107283,0.004268189302150999,0.508087657747344,0.8033518781058515,107.24493428075827
10,0.057,0.7,1,0.7142857142857143,0,0,9.84739786828873,0.07320259063624077,0.7465251647909845,0.7313876668233495,107.16360950197475
15,0.057,0.7,1,0.7142857142857143,0,0,15.214972376036604,0.11026166013504723,0.8448444465451914,0.6349662506073814,107.97335876146892
20,0.057,0.7,1,0.7142857142857143,0,0,19.090552790758245,0.12827103070373144,1,0.5732063196820849,108.53322694821544
5,0.025,0.7,1,0.7142857142857143,0,0,5.019023348603145,0.014897928937980486,0.5431727139418457,0.7833017112226576,107.16781149260638
10,0.025,0.7,1,0.7142857142857143,0,0,9.3367537441712,0.06854261365289308,0.7254964050687989,0.7367983417384603,107.11898975206205
15,0.025,0.7,1,0.7142857142857143,0,0,14.981221968333926,0.10893116077515619,0.9725147518124129,0.6467695655939598,107.96341826922894
20,0.025,0.7,1,0.7142857142857143,0,0,39.99995803062387,0,1,0.23831617778111328,116.84802563757594
5,0.1,0.7,1,0.7142857142857143,0,0,4.6427646456546405,0.008391487611831946,0.5228633209279081,0.7934602910620172,107.2123797222705
10,0.1,0.7,1,0.7142857142857143,0,0,7.426270153935368,0.048496796004109013,0.6530657665860247,0.7568916467608788,107.04385651896924
15,0.1,0.7,1,0.7142857142857143,0,0,14.725075702856119,0.10757213524254394,0.949563161071258,0.6504534601975094,107.91316367185492
20,0.1,0.7,1,0.7142857142857143,0,0,11.786243284299685,0.08865819523663485,1,0.713483143315913,107.66728536763767
5,0.057,0.9,1,0.7142857142857143,0,0,4.969718892943752,0.01408721926548737,0.5412706262946643,0.7839225938219765,107.17312029952323
10,0.057,0.9,1,0.7142857142857143,0,0,9.639249417473073,0.07134701118136395,0.7371053258883407,0.7335183957923526,107.14420940034077
15,0.057,0.9,1,0.7142857142857143,0,0,15.081430079483756,0.10955271124620161,0.8367368598247878,0.6374548510659759,107.95335001797335
20,0.057,0.9,1,0.7142857142857143,0,0,7.423094506928807,0.04848181684231566,0.6532339338793616,0.7568862262152872,107.0438388682871
5,0.025,0.9,1,0.7142857142857143,0,0,7.435962490453601,0.048620264935011856,0.6536336087468022,0.7568888707674731,107.04386779726572
10,0.025,0.9,1,0.7142857142857143,0,0,9.557450532876096,0.07059182016888715,0.7353734685509142,0.7343403193141826,107.13704784084692
15,0.025,0.9,1,0.7142857142857143,0,0,11.785094419178574,0.08865588468603394,1,0.7134171564008795,107.66728318462717
20,0.025,0.9,1,0.7142857142857143,0,0,40,0,1,0.2382824768976218,116.84802953021476
5,0.1,0.9,1,0.7142857142857143,0,0,4.197580234128553,0,0.49779310635330776,0.8037117931205622,107.27694410093613
10,0.1,0.9,1,0.7142857142857143,0,0,10.184247306627716,0.07615402400779314,0.7577039686876589,0.7277622259013098,107.19821098146744
15,0.1,0.9,1,0.7142857142857143,0,0,14.76774303122207,0.10769620810858319,0.9984030225496562,0.6502837258608969,107.94748504301506
20,0.1,0.9,1,0.7142857142857143,0,0,7.430190761333984,0.04856716348191563,0.6534069515788477,0.7566990811805454,107.04383801397768
5,0.057,0.3,0.4,1,0,0,4.086732057891314,0,0.4887354313776271,0.8180699378831444,107.10398839150596
10,0.057,0.3,0.4,1,0,0,6.2523126320367055,0.03497386592937657,0.5884071262545445,0.7782531308819253,107.03024470510573
15,0.057,0.3,0.4,1,0,0,6.266365794510605,0.0351790944866557,0.5894546141124998,0.7777613001374027,107.03026884323643
20,0.057,0.3,0.4,1,0,0,4.101504348473728,2.6290341079766584e-4,0.48894696990976744,0.8179130331978866,107.10289281316751
5,0.025,0.3,0.4,1,0,0,4.086866484171158,0,0.4887360918555257,0.8182466217763256,107.10398990124501
10,0.025,0.3,0.4,1,0,0,9.81052480976186,0.0735546422550766,0.7344041892526971,0.7368519597986791,107.21561834577892
15,0.025,0.3,0.4,1,0,0,6.2422568116171835,0.03483496958761029,0.5881195685694474,0.7786917377228479,107.03025550786178
20,0.025,0.3,0.4,1,0,0,6.266244359697064,0.035167355025834374,0.5891435339654467,0.7780378470386712,107.03025053732416
5,0.1,0.3,0.4,1,0,0,4.087036686370674,0,0.48885267529908016,0.8185242186154562,107.10399969139837
10,0.1,0.3,0.4,1,0,0,9.919104534487051,0.07451696317956177,0.7408826373975982,0.734354799318915,107.22737110537751
15,0.1,0.3,0.4,1,0,0,6.275206130143264,0.03528003581126059,0.589703464964453,0.778014448153374,107.0302593262822
20,0.1,0.3,0.4,1,0,0,6.2593055947401,0.03508423196861684,0.5889102142905898,0.7787386739518213,107.03025278241604
5,0.057,0.5,0.4,1,0,0,4.087351082956355,0,0.4887607755721278,0.8181007330254788,107.10398295168395
10,0.057,0.5,0.4,1,0,0,9.743086541119887,0.07301586360588087,0.7349380505660641,0.737706333080155,107.2087187007766
15,0.057,0.5,0.4,1,0,0,6.240208932099634,0.0348145799504095,0.5876543328265718,0.7789952407379824,107.03026881540073
20,0.057,0.5,0.4,1,0,0,6.300782499772779,0.035634104761275875,0.5905672765653422,0.77816994207767,107.03026754558702
5,0.025,0.5,0.4,1,0,0,4.086775911549305,0,0.4887066948836681,0.8185056307368535,107.10398398871499
10,0.025,0.5,0.4,1,0,0,9.557832347902817,0.07131571889694341,0.7270106182807422,0.740922549891218,107.18991417330572
15,0.025,0.5,0.4,1,0,0,14.919191098758478,0.10879324820658046,0.9462496916451657,0.6463588097139399,107.9648317539765
20,0.025,0.5,0.4,1,0,0,40,0,1,0.2383165906126858,116.84802978438307
5,0.1,0.5,0.4,1,0,0,4.086493422581743,0,0.4886707338359446,0.818557657203872,107.10399376134913
10,0.1,0.5,0.4,1,0,0,9.792311064208434,0.07344268271128523,0.7376568189795853,0.7373454666695682,107.21396253964345
15,0.1,0.5,0.4,1,0,0,6.260967651848224,0.03509048274261678,0.5886415611722771,0.7778724720422183,107.03026420621299
20,0.1,0.5,0.4,1,0,0,11.78880990974653,0.08867673347037283,1,0.7134255683346462,107.66728128292281
5,0.057,0.7,0.4,1,0,0,4.960121707810487,0.015698138831076812,0.5303069035599363,0.7972829370150415,107.05384399006465
10,0.057,0.7,0.4,1,0,0,9.803278745998181,0.07348858388418994,0.7370183176121442,0.7373077922624574,107.21499302899952
15,0.057,0.7,0.4,1,0,0,11.782387465042492,0.08863286978172295,1,0.7134368484821726,107.66728332217549
20,0.057,0.7,0.4,1,0,0,6.195694319660616,0.034195861631591745,0.5864153738484664,0.777695607467678,107.0304315990529
5,0.025,0.7,0.4,1,0,0,5.082764236129917,0.017738281906376233,0.5367580835978308,0.7950508788600921,107.04946896952232
10,0.025,0.7,0.4,1,0,0,9.634042526301348,0.07199320628804864,0.7312783689255026,0.7401660446975808,107.19766747669736
15,0.025,0.7,0.4,1,0,0,6.251541211706108,0.03498003756895722,0.5886840287147739,0.7784228346594393,107.03024719862886
20,0.025,0.7,0.4,1,0,0,39.99997962519713,0,1,0.23831218295588968,116.84802502350722
5,0.1,0.7,0.4,1,0,0,4.089223286049381,0,0.4441169422580658,1,108.07800567023719
10,0.1,0.7,0.4,1,0,0,6.247209877444994,0.03490770879354253,0.5881278285557106,0.7785679639217614,107.03025021582394
15,0.1,0.7,0.4,1,0,0,6.265991848681513,0.03515468589961356,0.5890945641875447,0.7787511054967484,107.03025797843242
20,0.1,0.7,0.4,1,0,0,19.921181359909227,0.13095463484493952,0.9994486023452718,0.5644943765022525,108.6304305362403
5,0.057,0.9,0.4,1,0,0,4.087495955225767,0,0.48877029095436925,0.8180219325444124,107.10397455899994
10,0.057,0.9,0.4,1,0,0,10.028342147976492,0.07551097207696059,0.7485794297181914,0.7335224347246406,107.23975619229334
15,0.057,0.9,0.4,1,0,0,14.801369872159054,0.10824567833023768,0.89200887305954,0.6474875865521412,107.94971855289867
20,0.057,0.9,0.4,1,0,0,11.78666215590933,0.0886640969675404,1,0.7136196196771346,107.66728450863319
5,0.025,0.9,0.4,1,0,0,5.245505126964607,0.02031415521891263,0.5429658419505934,0.7921195431130594,107.04445029914842
10,0.025,0.9,0.4,1,0,0,6.719051838645856,0,0.9943060258070477,0.7428919711083559,119.84411070345546
15,0.025,0.9,0.4,1,0,0,14.947699881355813,0.108796798455676,0.9783085189899884,0.6462768028870914,107.97126496709855
20,0.025,0.9,0.4,1,0,0,40,0,1,0.2382829864255696,116.8480303600646
5,0.1,0.9,0.4,1,0,0,6.734556430788805,0,0.9999998514983244,0.7462141410544085,119.75108514014427
10,0.1,0.9,0.4,1,0,0,11.779115279579646,0.08860131188096518,1,0.7136908379179403,107.66728705021494
15,0.1,0.9,0.4,1,0,0,15.153404458419327,0.10998056211706922,0.9357518231279198,0.6400494614766146,108.00119358088246
20,0.1,0.9,0.4,1,0,0,11.788835281193252,0.08869041659705544,1,0.7134592389429921,107.66728360182428
5,0.057,0.3,0.6,1,0,0,4.087400353101087,0,0.488583977025641,0.8181670672604147,107.1039968798626
10,0.057,0.3,0.6,1,0,0,10.085067901882972,0.07596383413471851,0.7448259030582296,0.7322400227204044,107.2456239017438
15,0.057,0.3,0.6,1,0,0,11.783744050203698,0.08864182809650842,1,0.7133628471246622,107.66728542084225
20,0.057,0.3,0.6,1,0,0,6.288107989083014,0.03548385287197138,0.5904909145766178,0.7780208610143158,107.030275562706
5,0.025,0.3,0.6,1,0,0,5.225406339186414,0.020053322908729784,0.5443024834227017,0.7915722703267714,107.0450752277937
10,0.025,0.3,0.6,1,0,0,10.170777370902423,0.0767103901886051,0.7470876420292617,0.7304738938635441,107.25550646163448
15,0.025,0.3,0.6,1,0,0,15.140794304711534,0.1099873624361033,0.924569954741973,0.6412619423247153,107.99988792876695
20,0.025,0.3,0.6,1,0,0,6.263241955103499,0.03513191784811238,0.5894734962221703,0.778126110515297,107.0302599949104
5,0.1,0.3,0.6,1,0,0,4.086522707201018,0,0.4887446958806756,0.8183871456288845,107.10398526110464
10,0.1,0.3,0.6,1,0,0,6.231375486358108,0.03468590220305483,0.5876415028594096,0.7791861473501772,107.03028524388537
15,0.1,0.3,0.6,1,0,0,6.249495255864433,0.03493243782469071,0.588614384201246,0.7783062393129695,107.03026451466695
20,0.1,0.3,0.6,1,0,0,6.252910296722359,0.03498280117509776,0.5885123706826141,0.7786459888540294,107.03025498448933
5,0.057,0.5,0.6,1,0,0,4.916846789060878,0.015000593988070934,0.5287163401630003,0.7976905382583197,107.05553186804228
10,0.057,0.5,0.6,1,0,0,6.253183548694368,0.034960634836281194,0.5881712994468921,0.7785438292399285,107.03026053997877
15,0.057,0.5,0.6,1,0,0,6.272852522789064,0.03527143037016042,0.5898433108631309,0.778001446267898,107.03026314271165
20,0.057,0.5,0.6,1,0,0,6.273370851599678,0.03527132951925113,0.5895528030573063,0.778047961515336,107.03026829735371
5,0.025,0.5,0.6,1,0,0,4.862750525702241,0.014088682893981172,0.5262000508036226,0.7989592112516667,107.05770614190283
10,0.025,0.5,0.6,1,0,0,9.524841380893879,0.07103850327105032,0.726579159528186,0.7423035957222893,107.18687418681303
15,0.025,0.5,0.6,1,0,0,6.268218684926408,0.03518732395408675,0.5893264229528596,0.778189543771739,107.03025442634998
20,0.025,0.5,0.6,1,0,0,39.99998673995263,0,1,0.2383185386006504,116.84802573235318
5,0.1,0.5,0.6,1,0,0,4.087037099578266,0,0.4886571898123909,0.8183998518023298,107.10398039372673
10,0.1,0.5,0.6,1,0,0,9.924279961347676,0.0745717556304544,0.741211792453925,0.7346506302996756,107.22792193173612
15,0.1,0.5,0.6,1,0,0,6.268442692318997,0.03519215158236967,0.5892067668851355,0.7785527846644803,107.03026196325611
20,0.1,0.5,0.6,1,0,0,11.789999701925819,0.08867628569015015,0.9998312833089763,0.7136168987911882,107.66702787103834
5,0.057,0.7,0.6,1,0,0,4.9339045467274385,0.015294702322767629,0.5298062454365441,0.7976046835987226,107.05485417724144
10,0.057,0.7,0.6,1,0,0,9.90743459937158,0.0743768108450345,0.7384877045376876,0.7361936836061709,107.22605505793788
15,0.057,0.7,0.6,1,0,0,6.257614209293546,0.035042238479317894,0.5882883092213093,0.7786606547368902,107.03025444382769
20,0.057,0.7,0.6,1,0,0,6.218374344928212,0.034528712238453094,0.5876935343145864,0.7792497980117106,107.03031132296742
5,0.025,0.7,0.6,1,0,0,5.045527484083262,0.017120963099416766,0.5348086158049481,0.7953137075225556,107.05073838571735
10,0.025,0.7,0.6,1,0,0,6.29970130159544,0.035642643781743436,0.5906091719540878,0.7776553432657842,107.03028470024354
15,0.025,0.7,0.6,1,0,0,15.056015184653178,0.10957513278224595,0.9110629681177644,0.6417729538178327,107.98786290904171
20,0.025,0.7,0.6,1,0,0,39.999983999608986,0,1,0.23840891146328497,116.84802940479892
5,0.1,0.7,0.6,1,0,0,4.842368890489045,0.01376016798801464,0.5259423631196676,0.7991982807919665,107.05857514805285
10,0.1,0.7,0.6,1,0,0,9.9032987446998,0.07435857015406369,0.7424071149648349,0.736080847345893,107.22581828046278
15,0.1,0.7,0.6,1,0,0,6.265365606856685,0.03516278277100056,0.5890733422581482,0.7782477203688438,107.03025724112227
20,0.1,0.7,0.6,1,0,0,19.603743158977306,0.13064880569793685,0.897901821607272,0.5757104126267317,108.63724957271087
5,0.057,0.9,0.6,1,0,0,5.28183849085685,0.02088087961961995,0.545261611146995,0.7910218575954338,107.04341461077831
10,0.057,0.9,0.6,1,0,0,9.945616788824406,0.0747615322693728,0.7400518812373933,0.7350702904713814,107.23016861161194
15,0.057,0.9,0.6,1,0,0,14.87340539304329,0.1085376014841795,0.9173168670790128,0.6477242366348864,107.95847590819038
20,0.057,0.9,0.6,1,0,0,11.784245355416715,0.08864458943846487,1,0.7135068981936765,107.66728565759496
5,0.025,0.9,0.6,1,0,0,5.238666830426084,0.020195296224919224,0.5432770793841216,0.7921539000705218,107.0445994548643
10,0.025,0.9,0.6,1,0,0,9.871940188799652,0.07425793092050112,0.7593683371136417,0.743409441116234,107.23266313164136
15,0.025,0.9,0.6,1,0,0,15.025026881613638,0.10932428986947684,0.9504690608770583,0.6443836308690936,107.98111116865653
20,0.025,0.9,0.6,1,0,0,40,0,1,0.23827568497479917,116.84802955187568
5,0.1,0.9,0.6,1,0,0,5.2814717700305405,0.020889167548271106,0.5454284019891967,0.791777067298056,107.04340385678621
10,0.1,0.9,0.6,1,0,0,10.000944932246869,0.07522460732514365,0.7424851592668278,0.7340973144306289,107.23618674408606
15,0.1,0.9,0.6,1,0,0,6.274470354463031,0.035278083712302385,0.5896744495012021,0.7781304999826462,107.03025318033905
20,0.1,0.9,0.6,1,0,0,7.210328555505458,0.04745958829844107,0.6503356456729172,0.7651393928787797,107.05753845503065
5,0.057,0.3,0.8,1,0,0,4.787179439438245,0.01279469419746631,0.5222083448390713,0.8010902400403295,107.06096751991139
10,0.057,0.3,0.8,1,0,0,9.520104884352696,0.07098492953753531,0.726303657435542,0.7412383019943709,107.18630049545739
15,0.057,0.3,0.8,1,0,0,4.090128927158252,3.199316598451479e-6,0.4436449867865536,1,108.07804331368496
20,0.057,0.3,0.8,1,0,0,11.781959261728613,0.08864613897449466,1,0.7135959783449458,107.66728441243588
5,0.025,0.3,0.8,1,0,0,4.959457111099293,0.0156944938086985,0.5306242590471145,0.7968475713674072,107.05387171923918
10,0.025,0.3,0.8,1,0,0,9.738006950595393,0.07290593313609536,0.7329455805472878,0.7373578420077529,107.20804675194988
15,0.025,0.3,0.8,1,0,0,14.729878978031184,0.10775369489161782,0.9339213838059208,0.648436703393191,107.93539549045761
20,0.025,0.3,0.8,1,0,0,6.48827201822841,0.03813776951237769,0.5988978639331175,0.7751720987713208,107.03098677549436
5,0.1,0.3,0.8,1,0,0,4.086585016652827,0,0.48875372418413054,0.8184785746389399,107.10398687763924
10,0.1,0.3,0.8,1,0,0,10.0923654293563,0.07598340649755392,0.7456833005020803,0.7326883963243461,107.24643218656924
15,0.1,0.3,0.8,1,0,0,6.255830482013346,0.035033230936465806,0.5889821777348548,0.7782590505219039,107.03023573415756
20,0.1,0.3,0.8,1,0,0,19.88876109677566,0.1315371904267854,0.9922786542462525,0.5627526582505527,108.62429749633424
5,0.057,0.5,0.8,1,0,0,5.016888728961476,0.016646548052333995,0.5334662323131878,0.7960334964096778,107.05175273530712
10,0.057,0.5,0.8,1,0,0,9.733770117469899,0.07290423066150528,0.735160438926667,0.7380248186634055,107.20781641964697
15,0.057,0.5,0.8,1,0,0,15.000364915580938,0.10914629466757728,0.9701670474361943,0.6464060114645,107.97843581943312
20,0.057,0.5,0.8,1,0,0,19.90599989144862,0.13180085426181531,0.9310889929005206,0.5582255971367973,108.64900350164105
5,0.025,0.5,0.8,1,0,0,5.018350484921169,0.016698304158213197,0.5338542201734027,0.795563651536686,107.05171733105256
10,0.025,0.5,0.8,1,0,0,9.961377020307356,0.07486558623694055,0.7412411703703272,0.7345537402758137,107.23189314933978
15,0.025,0.5,0.8,1,0,0,6.2997223062420336,0.03560117750293236,0.5905559480575402,0.7780254020147694,107.03026414272347
20,0.025,0.5,0.8,1,0,0,39.99998194417532,0,1,0.23838213288904225,116.84802716910959
5,0.1,0.5,0.8,1,0,0,5.037733650430885,0.01702004837849392,0.5349637846085575,0.794967760218313,107.05105073070472
10,0.1,0.5,0.8,1,0,0,10.080952213884075,0.0758829712947095,0.7428452789828939,0.7320390838954991,107.24520957886803
15,0.1,0.5,0.8,1,0,0,6.823149928577099,0.042699333352379736,0.62219327082361775,0.7632395587630493,107.04098055655615
20,0.1,0.5,0.8,1,0,0,11.78449185163597,0.08865297452170932,1,0.7135358882362484,107.66728422543781
5,0.057,0.7,0.8,1,0,0,5.27467792129506,0.0207683894835977,0.5450294948074478,0.7917258246660039,107.04358199177088
10,0.057,0.7,0.8,1,0,0,6.3075451842375205,0.03572332179167277,0.5907103984570479,0.7783517199974479,107.03028810985269
15,0.057,0.7,0.8,1,0,0,6.238834632733171,0.03479422954764905,0.5882060164567672,0.7787535051712908,107.03024830408164
20,0.057,0.7,0.8,1,0,0,19.865429464820718,0.13173350354608582,0.8929538991933901,0.5597802163242136,108.65908134609938
5,0.025,0.7,0.8,1,0,0,5.149685835550601,0.01881499855651353,0.539539997200795,0.7933669309594913,107.04728057201338
10,0.025,0.7,0.8,1,0,0,10.096187218733238,0.07600383520720003,0.7401229672782588,0.7332394029829423,107.2475222932802
15,0.025,0.7,0.8,1,0,0,15.081688706047498,0.10964713995660172,0.8056362427550844,0.6334206870898976,108.04075702727332
20,0.025,0.7,0.8,1,0,0,39.999987485771996,0,1,0.23826975401806239,116.84802554535203
5,0.1,0.7,0.8,1,0,0,4.983243705517799,0.016094763334712887,0.532103142324441,0.7961187120986191,107.0529887136999
10,0.1,0.7,0.8,1,0,0,10.04638353379723,0.07558044173142422,0.7449848639392379,0.7337931299902108,107.24130029183075
15,0.1,0.7,0.8,1,0,0,11.778525708589434,0.08859922940243356,0.9999404000985137,0.7135059624959391,107.66718861594511
20,0.1,0.7,0.8,1,0,0,20.129906517319064,0.13247800928599962,0.9994902390049694,0.560662975745242,108.64725872318913
5,0.057,0.9,0.8,1,0,0,5.211878646908527,0.019793989363729687,0.542059734608013,0.7930274951419203,107.04536740617102
10,0.057,0.9,0.8,1,0,0,10.068147043116745,0.07573963524490082,0.7369271032638858,0.7327846376895694,107.24467561736466
15,0.057,0.9,0.8,1,0,0,14.72395137815133,0.10774210050291796,0.78489966600376615,0.6464312133263974,108.00123082071786
20,0.057,0.9,0.8,1,0,0,19.86979149654151,0.13143590299742475,0.9999165111670721,0.562977204664709,108.6197948439347
5,0.025,0.9,0.8,1,0,0,5.220665947696644,0.01991787118819966,0.54256725226039,0.7926249572117767,107.04511352699464
10,0.025,0.9,0.8,1,0,0,10.052600854924384,0.07563439361664989,0.7445724999416407,0.7331780767286935,107.24195131506268
15,0.025,0.9,0.8,1,0,0,11.782554778501574,0.08864633546790053,1,0.7135610614754306,107.66727943017085
20,0.025,0.9,0.8,1,0,0,39.99995808901643,0,1,0.238259964338425,116.84802553962152
5,0.1,0.9,0.8,1,0,0,5.0079803755277466,0.016501265080608007,0.5330054442813004,0.7966018821988334,107.05206301721053
10,0.1,0.9,0.8,1,0,0,10.115272001414322,0.07622835912488463,0.7464849095826506,0.7320360048376042,107.24906537192543
15,0.1,0.9,0.8,1,0,0,11.781543145775398,0.08862243641717187,1,0.7135820882437056,107.66728183355048
20,0.1,0.9,0.8,1,0,0,20.14715175495885,0.13258777094332652,1,0.5602784619959363,108.64888003153231
5,0.057,0.3,1,1,0,0,4.596887765312221,0.009500493712629616,0.5132782546041152,0.805948949711175,107.07019685499053
10,0.057,0.3,1,1,0,0,9.389884611588457,0.06979421600195378,0.7192811551182736,0.7416507326326706,107.17375749726595
15,0.057,0.3,1,1,0,0,4.0891424766933575,0,0.444085445409967,1,108.07799907361958
20,0.057,0.3,1,1,0,0,17.70034277904115,0.12305433966175641,0.7535085382567479,1,110.59635974431816
5,0.025,0.3,1,1,0,0,5.8035854138581335,0.02872689744733355,0.5692260792809962,0.7833116214470832,107.03310833780871
10,0.025,0.3,1,1,0,0,4.088791088478362,1.9717842321361765e-6,0.443677399401371,1,108.0779987639589
15,0.025,0.3,1,1,0,0,4.088478755805605,5.080834986688076e-7,0.4437954427501316,1,108.07799956220268
20,0.025,0.3,1,1,0,0,11.784689684540318,0.08866669351456571,1,0.713510074919957,107.66728326869728
5,0.1,0.3,1,1,0,0,4.089921581382866,0,0.44328556053312285,1,108.07801670371417
10,0.1,0.3,1,1,0,0,10.396625627390112,0.07855568773247622,0.7489234715398048,0.7260262265023021,107.28314927531315
15,0.1,0.3,1,1,0,0,6.2614751154442665,0.03509754567594046,0.5891763778142737,0.7782322450849233,107.0302552834848
20,0.1,0.3,1,1,0,0,4.088556756380541,2.8842451216400485e-6,0.44331686773975104,1,108.07805096930575
5,0.057,0.5,1,1,0,0,5.035995137409627,0.01697417234655643,0.5343789504054517,0.7958239533490237,107.05106005799344
10,0.057,0.5,1,1,0,0,6.272081595992228,0.03523487656068022,0.5893052761992561,0.7778439525588488,107.03026815198244
15,0.057,0.5,1,1,0,0,10.856235030332238,0.08217735683611832,1,1,109.04478083011763
20,0.057,0.5,1,1,0,0,11.43254036115868,0.08636235010904153,0.959083415057818,0.7153677358351902,107.60128916164821
5,0.025,0.5,1,1,0,0,4.945304596656674,0.01547459939718629,0.5303148502295405,0.7973856141809226,107.05438955811918
10,0.025,0.5,1,1,0,0,10.016976348485304,0.07563566196445157,0.7771069772874328,0.9999632311884643,108.61722719395503
15,0.025,0.5,1,1,0,0,14.16764371517894,0.10459802276024573,0.8788696868925239,0.6562124078050466,107.84805192617695
20,0.025,0.5,1,1,0,0,39.999986594228254,0,1,0.23829708487147253,116.84802551739789
5,0.1,0.5,1,1,0,0,4.324416396329957,0.004576958410619758,0.5002588200292333,0.8139593317930207,107.08655735733863
10,0.1,0.5,1,1,0,0,9.928572505590589,0.0745921926015475,0.7405855928172791,0.7352167933533217,107.22831833618613
15,0.1,0.5,1,1,0,0,13.738038073987736,0.10198617543581934,0.8858846416931493,0.6640940736096252,107.77840676689706
20,0.1,0.5,1,1,0,0,10.854600726816386,0.08216432557103615,1,1,109.04478199317036
5,0.057,0.7,1,1,0,0,4.0803987436513465,0,0.4781959742799763,0.8438242714882267,107.13364444516874
10,0.057,0.7,1,1,0,0,9.857012479938868,0.07396401920520566,0.7382102362561186,0.7356380154132516,107.22063370383637
15,0.057,0.7,1,1,0,0,15.436748171993377,0.11165365210672744,0.8541926697528368,0.6319780559488128,108.06701947059287
20,0.057,0.7,1,1,0,0,19.380879190541016,0.1294649187140809,0.9929462141450234,0.5692429101913447,108.56846595717275
5,0.025,0.7,1,1,0,0,4.9723381136947085,0.01591077083878565,0.5308194797728683,0.7973487918912825,107.053394864563
10,0.025,0.7,1,1,0,0,9.03842479378353,0.06652987273893171,0.7044107003435547,0.7448539699539445,107.14299430055601
15,0.025,0.7,1,1,0,0,14.65712362625077,0.10718363207467406,0.9921699956071567,0.6523354544839292,107.93132145476241
20,0.025,0.7,1,1,0,0,39.99995803062387,0,1,0.23831617778111328,116.84802563757594
5,0.1,0.7,1,1,0,0,4.998038969688265,0.015515712995775428,0.4888772150054166,0.9998117856922515,108.18031880740178
10,0.1,0.7,1,1,0,0,6.25913197956004,0.035080709405612504,0.5888007747834284,0.7780375947208313,107.03025462806107
15,0.1,0.7,1,1,0,0,14.734722160291874,0.10772008712897838,0.9473567326241223,0.6498122764671425,107.93670732521113
20,0.1,0.7,1,1,0,0,11.785059445871703,0.08865023057047026,1,0.7133363133590493,107.66728196310277
5,0.057,0.9,1,1,0,0,5.242103405352065,0.020266905118637372,0.5440373705642215,0.791542299977893,107.04448852486316
10,0.057,0.9,1,1,0,0,6.265776564498183,0.03516058953655739,0.5889682266018503,0.7784553391167754,107.03025570875683
15,0.057,0.9,1,1,0,0,6.561122096457609,0.03908615883295359,0.6011818266702904,0.7749752556061276,107.03155338031928
20,0.057,0.9,1,1,0,0,6.251335440487322,0.034975520173472135,0.5884559425284874,0.7784464278080281,107.0302486657275
5,0.025,0.9,1,1,0,0,5.22887278595007,0.020066283758924296,0.5431125986431782,0.7921383438764036,107.04488126245656
10,0.025,0.9,1,1,0,0,9.521677692693274,0.07094481601790673,0.7238323451043822,0.7389263175620999,107.1864950255222
15,0.025,0.9,1,1,0,0,11.7811764086366,0.08863724826564726,1,0.7137243146491052,107.66728306611462
20,0.025,0.9,1,1,0,0,40,0,1,0.2382824768976218,116.84802953021476
5,0.1,0.9,1,1,0,0,5.021310657916274,0.01588321750565453,0.4899676006715615,0.9948986606071706,108.14537524313508
10,0.1,0.9,1,1,0,0,9.867357843863413,0.07404705365965361,0.7358639145554822,0.7351817094735116,107.22168742540416
15,0.1,0.9,1,1,0,0,14.788571047452638,0.10788828990852788,0.996910022644387,0.6498329995921099,107.95086858528703
20,0.1,0.9,1,1,0,0,6.256644506278734,0.03501152601953814,0.5884100801509751,0.7787208953261877,107.03025747116907
