beta_0_init,xi_init,f_1_init,f_2_init,dif,k,lambda_,beta_0_fit,xi_fit,f_1_fit,f_2_fit,rmse
5,0.057,0.3,0.4,0.2857142857142857,0,0,1.9016923725583457,1.7693414638975113e-7,0.9999998953045723,4.694468951904618e-7,47.75894357015394
10,0.057,0.3,0.4,0.2857142857142857,0,0,4.164951074625911,3.5776134992937525e-4,0.5952674874679946,0.7880092686031712,17.200032108893293
15,0.057,0.3,0.4,0.2857142857142857,0,0,39.99983811016495,0.1129053890564713,0.9999997765577098,1.0581818615795768e-7,88.21853629182358
20,0.057,0.3,0.4,0.2857142857142857,0,0,39.99950864427038,0.11290241046104277,0.9999997178278162,1.6618297950521388e-6,88.21855232383584
5,0.025,0.3,0.4,0.2857142857142857,0,0,4.80275543132525,0.01219415808864005,0.5913850073127837,0.7598354934607587,17.833191200057048
10,0.025,0.3,0.4,0.2857142857142857,0,0,5.542057639812135,0.024094383124475094,0.59129722157485,0.7722743682566953,18.72534049859287
15,0.025,0.3,0.4,0.2857142857142857,0,0,5.424638426063173,0.02227767277272713,0.5916578370804079,0.7957798090464201,18.616189065167866
20,0.025,0.3,0.4,0.2857142857142857,0,0,39.99999989520528,4.594720270922892e-9,0.9999999934624629,6.75985797893297e-8,89.75730824419095
5,0.1,0.3,0.4,0.2857142857142857,0,0,1.9016980495316083,1.0683155787782894e-7,0.9999999799199824,9.008976120661316e-9,47.758940886928926
10,0.1,0.3,0.4,0.2857142857142857,0,0,4.149323973809187,4.8633850392720834e-5,0.5966175818963116,9.562697500620221e-5,18.1573719251661
15,0.1,0.3,0.4,0.2857142857142857,0,0,4.150802823822957,7.124897067750657e-5,0.5959721125762121,4.340142497671895e-5,18.1580536050085
20,0.1,0.3,0.4,0.2857142857142857,0,0,4.316765475894028,0.003423677521897095,0.5965262561397483,0.7820286097741358,17.33360786155829
5,0.057,0.5,0.4,0.2857142857142857,0,0,4.164577453763522,3.056733707189063e-4,0.595116079270914,8.727501945359761e-4,18.16571840160236
10,0.057,0.5,0.4,0.2857142857142857,0,0,4.164732963882242,3.8431686812989696e-4,0.5950347292897054,0.792868431295726,17.202369361999978
15,0.057,0.5,0.4,0.2857142857142857,0,0,39.99971643309137,0.11290565300259536,0.9999999943333167,2.7669954938414065e-8,88.21854969346909
20,0.057,0.5,0.4,0.2857142857142857,0,0,39.99962781492262,0.11290245227470291,0.9999999755252185,5.208594144878731e-8,88.21854834782435
5,0.025,0.5,0.4,0.2857142857142857,0,0,4.162765044825716,3.496450370731319e-4,0.5958562088830994,0.7928689968668612,17.20013514986974
10,0.025,0.5,0.4,0.2857142857142857,0,0,5.605169702899017,0.025045549443900805,0.5914338802556315,0.7509259703009956,18.79075281899155
15,0.025,0.5,0.4,0.2857142857142857,0,0,39.99971518695348,0.11290642797743944,0.9999999949410704,6.802587382281899e-9,88.21855572891126
20,0.025,0.5,0.4,0.2857142857142857,0,0,39.9999999280501,3.1650458920395863e-9,0.9999999935484042,1.2433699014824384e-8,89.75730772997082
5,0.1,0.5,0.4,0.2857142857142857,0,0,1.9016314851109661,3.5706789169864805e-7,0.9999999222801084,1.3242149110581636e-7,47.75894758857115
10,0.1,0.5,0.4,0.2857142857142857,0,0,4.151141245608409,3.462599686443468e-5,0.5953715525055536,3.189173531426004e-5,18.15670534537245
15,0.1,0.5,0.4,0.2857142857142857,0,0,4.156745032970088,3.213892315451217e-5,0.5860607735572981,0.9999674926237593,18.869730442113767
20,0.1,0.5,0.4,0.2857142857142857,0,0,4.157606897040913,4.612921735414055e-5,0.5865505376321041,0.9999631301382272,18.870467516104767
5,0.057,0.7,0.4,0.2857142857142857,0,0,4.167792488463345,4.7703296175816146e-4,0.5975275249988781,0.7847835087129795,17.206656180411972
10,0.057,0.7,0.4,0.2857142857142857,0,0,4.170325469040352,3.3636109401719017e-4,0.5868068500712246,0.9994297681863256,18.877778587366922
15,0.057,0.7,0.4,0.2857142857142857,0,0,39.9998206302043,0.11290217896035831,0.9999997458455383,1.3324523318036796e-7,88.21854246928388
20,0.057,0.7,0.4,0.2857142857142857,0,0,39.99955645147431,0.11290262716847194,0.9999999759500993,9.241756476763285e-8,88.21855168399432
5,0.025,0.7,0.4,0.2857142857142857,0,0,5.073626978056147,0.017258702621381516,0.5989510472436896,0.7553417745144176,18.230355668586984
10,0.025,0.7,0.4,0.2857142857142857,0,0,4.234905442922779,0.0018416428289045328,0.596974460692318,0.787498334723989,17.262955852734123
15,0.025,0.7,0.4,0.2857142857142857,0,0,39.99980587066436,0.11290457575231377,0.9999998507343115,1.2720314124248233e-7,88.21854239465672
20,0.025,0.7,0.4,0.2857142857142857,0,0,39.99999989635189,3.36038274983963e-9,0.9999999917769931,6.818303421862737e-9,89.75730781776419
5,0.1,0.7,0.4,0.2857142857142857,0,0,1.9016543144114872,1.230825416032033e-7,0.9999998835419198,2.909064041323184e-7,47.758942693767125
10,0.1,0.7,0.4,0.2857142857142857,0,0,4.156111006451486,2.2175713014382925e-5,0.586138493912063,0.9999935772065103,18.869687970744025
15,0.1,0.7,0.4,0.2857142857142857,0,0,4.159975793020889,2.840348432718298e-4,0.5968582000799004,1.645421662962443e-4,18.165570930573498
20,0.1,0.7,0.4,0.2857142857142857,0,0,4.149803689483664,2.717832641152551e-5,0.5955519027538645,9.249643661135565e-5,18.156358767336158
5,0.057,0.9,0.4,0.2857142857142857,0,0,4.149971443716356,3.5167436617300485e-5,0.5960331653519269,1.3920206078288366e-4,18.156592715258537
10,0.057,0.9,0.4,0.2857142857142857,0,0,4.149245023164962,1.954418717892148e-5,0.5958448695744132,1.55231905018538e-5,18.156100309358706
15,0.057,0.9,0.4,0.2857142857142857,0,0,39.99963830705626,0.11290596274238124,0.9999940242357646,1.0840222435248847e-5,88.21855630342841
20,0.057,0.9,0.4,0.2857142857142857,0,0,39.99948344014807,0.11290469575750767,0.9999989554157506,0.30356148818339934,88.0834947097525
5,0.025,0.9,0.4,0.2857142857142857,0,0,4.154290891324727,1.2520276348776394e-4,0.5951860166755705,0.7964761526361337,17.1921909831399
10,0.025,0.9,0.4,0.2857142857142857,0,0,4.162607248295227,3.457808597261969e-4,0.5961565626774636,0.7930097448286231,17.20001822825009
15,0.025,0.9,0.4,0.2857142857142857,0,0,11.464630916123486,0.017871089518646244,0.9760047992964587,0.5174270697300423,90.31679206459134
20,0.025,0.9,0.4,0.2857142857142857,0,0,39.99999989635189,3.36038274983963e-9,0.9999999917769935,6.818303421862737e-9,89.75730781706176
5,0.1,0.9,0.4,0.2857142857142857,0,0,1.9016803891895795,1.3906394569218605e-7,0.9999999784991185,7.279680291905066e-8,47.758942882023526
10,0.1,0.9,0.4,0.2857142857142857,0,0,4.158255327505196,8.115800536362405e-5,0.5867711920855889,0.9998465659467805,18.87074237562738
15,0.1,0.9,0.4,0.2857142857142857,0,0,5.408628407151541,0.02209477954902045,0.5932790973601675,0.6763514333521189,18.64622996634298
20,0.1,0.9,0.4,0.2857142857142857,0,0,3.6212187683289976,1.523426315042098e-6,0.9999989627354411,0.8486572925133812,37.47285684418741
5,0.057,0.3,0.6,0.2857142857142857,0,0,1.9016374257031021,1.0769677416533341e-7,0.9999998441232747,2.1864031846119403e-7,47.758942983685436
10,0.057,0.3,0.6,0.2857142857142857,0,0,4.265933511515212,0.0023924836694625973,0.5942456492329852,0.784233665835128,17.28864230239959
15,0.057,0.3,0.6,0.2857142857142857,0,0,39.99918587873171,0.1129006705329188,0.999999924552709,3.330257419831284e-8,88.21857781370919
20,0.057,0.3,0.6,0.2857142857142857,0,0,39.99831485536826,0.11290530640847124,0.9999997878480189,4.976833413716797e-7,88.21860649998101
5,0.025,0.3,0.6,0.2857142857142857,0,0,4.155514426340554,1.6082469701350632e-4,0.5954103387629113,0.791833858464623,17.192356679709377
10,0.025,0.3,0.6,0.2857142857142857,0,0,4.191975046022418,9.567804356090948e-4,0.5959023379987037,0.7948006971061788,17.225858326653267
15,0.025,0.3,0.6,0.2857142857142857,0,0,4.1788503363370015,7.75916847914393e-4,0.5966808216731089,0.7900899689744563,17.221596632366726
20,0.025,0.3,0.6,0.2857142857142857,0,0,39.99999988218582,4.815678411596025e-9,0.9999999942427948,4.4628800710544425e-8,89.75730833223348
5,0.1,0.3,0.6,0.2857142857142857,0,0,1.9016607306658884,1.1581951486761e-7,0.9999999975076326,9.208518725323245e-9,47.75894151177779
10,0.1,0.3,0.6,0.2857142857142857,0,0,4.150377828782945,2.7959378536390744e-5,0.5957312792022386,3.10684127231009e-5,18.156376071744546
15,0.1,0.3,0.6,0.2857142857142857,0,0,4.154269157958142,1.2505503242510319e-4,0.5953801034264821,5.8575626167567396e-5,18.159995876540343
20,0.1,0.3,0.6,0.2857142857142857,0,0,4.164771994145795,2.764518436454977e-4,0.5946916657059824,2.7098520403445736e-5,18.16550917571873
5,0.057,0.5,0.6,0.2857142857142857,0,0,4.1513861239471295,6.690284287941273e-5,0.5947486922617383,0.7920233497549329,17.189099409103935
10,0.057,0.5,0.6,0.2857142857142857,0,0,4.175010273106303,5.840362699054413e-4,0.5950410027466354,0.7874253091153204,17.209832625686
15,0.057,0.5,0.6,0.2857142857142857,0,0,39.999218498437706,0.11290684155561498,0.9999984963202057,0.30355016292554915,88.08350113895881
20,0.057,0.5,0.6,0.2857142857142857,0,0,39.999348349952925,0.11289747103153203,0.9999999824164907,2.3189830167247294e-8,88.21856437451946
5,0.025,0.5,0.6,0.2857142857142857,0,0,4.152978531102887,2.0051152923450388e-4,0.5968362318280729,0.7953458649048606,17.196151312111525
10,0.025,0.5,0.6,0.2857142857142857,0,0,4.221490584624985,0.0014510191763933977,0.5932981121617269,0.7812284287773806,17.249152249101947
15,0.025,0.5,0.6,0.2857142857142857,0,0,5.586261411031426,0.02475614448498953,0.5895812987288531,0.8121591918855607,18.885433730441274
20,0.025,0.5,0.6,0.2857142857142857,0,0,39.9999999280501,3.1650458920395863e-9,0.9999999935484042,1.243369929238014e-8,89.75730772997082
5,0.1,0.5,0.6,0.2857142857142857,0,0,1.9016273728570954,7.120311940056467e-8,0.9999999948225231,3.860758435170197e-9,47.75894094805756
10,0.1,0.5,0.6,0.2857142857142857,0,0,4.1563661870035595,3.7860037560344395e-5,0.5865566736037887,0.9999817485759679,18.87031028512961
15,0.1,0.5,0.6,0.2857142857142857,0,0,4.295501561394179,0.0027577348772159227,0.5871017661421102,0.981286302364317,18.74543004489158
20,0.1,0.5,0.6,0.2857142857142857,0,0,4.215505898855527,0.0011590173361921141,0.5858385551781539,0.9956858138992972,18.865253431997974
5,0.057,0.7,0.6,0.2857142857142857,0,0,4.36652421801623,0.004129776285404951,0.588244860196734,0.9769951605136153,18.766433855244678
10,0.057,0.7,0.6,0.2857142857142857,0,0,4.156219189065087,2.4147525943429837e-5,0.5863956766987705,0.9999666634426277,18.869380009026404
15,0.057,0.7,0.6,0.2857142857142857,0,0,39.99917187496771,0.11290552460722203,0.9999997854515548,1.0725359289587288e-7,88.21856463200615
20,0.057,0.7,0.6,0.2857142857142857,0,0,39.9996613643141,0.11290215856741898,0.9999999532136561,6.688037335056407e-8,88.21855416282042
5,0.025,0.7,0.6,0.2857142857142857,0,0,4.150733607034562,9.038253327248169e-5,0.5954846971561688,0.7923554971096685,17.189817929672643
10,0.025,0.7,0.6,0.2857142857142857,0,0,4.169467144246386,4.691944173538243e-4,0.5952990825551313,0.7934140281070319,17.20502012169205
15,0.025,0.7,0.6,0.2857142857142857,0,0,11.221754044016109,0.01622449847178553,0.9869937577071853,0.5219259711241504,90.29542136454295
20,0.025,0.7,0.6,0.2857142857142857,0,0,39.9999999280501,3.1650458920395863e-9,0.9999999935484043,1.243369929238014e-8,89.75730772934457
5,0.1,0.7,0.6,0.2857142857142857,0,0,1.9016571092678225,1.4968794204150981e-7,0.9999999098633265,8.897121989148715e-8,47.7589437555704
10,0.1,0.7,0.6,0.2857142857142857,0,0,4.156095182368464,2.5922481038387346e-5,0.5860151465707594,0.9999916842464971,18.8699517089087
15,0.1,0.7,0.6,0.2857142857142857,0,0,4.148918183461257,4.464837124523724e-5,0.5963730055686233,1.970994842392937e-5,18.15714381210936
20,0.1,0.7,0.6,0.2857142857142857,0,0,5.291579650299449,0.02028923495254048,0.5935339879255007,0.7179604595728417,18.43100545832504
5,0.057,0.9,0.6,0.2857142857142857,0,0,4.149183582167579,2.1612992132657993e-5,0.5959409555128402,8.536364840272537e-5,18.15611253375137
10,0.057,0.9,0.6,0.2857142857142857,0,0,10.924791638937794,0.0800192739371301,0.540153973883637,0.60339691734954,24.157017117934096
15,0.057,0.9,0.6,0.2857142857142857,0,0,39.999761234172446,0.11290263217841312,0.9999955871787711,2.5160427586379264e-6,88.21854918680802
20,0.057,0.9,0.6,0.2857142857142857,0,0,39.99953424646167,0.11290863053979289,0.9999997876309146,3.662198046483489e-7,88.21855007308895
5,0.025,0.9,0.6,0.2857142857142857,0,0,4.198497653763513,0.0010704859781485165,0.5950602327019472,0.7992846422756306,17.23316683893671
10,0.025,0.9,0.6,0.2857142857142857,0,0,4.2711766488005365,0.002274143604407919,0.5874072364030657,0.9444052090255548,18.230473945667473
15,0.025,0.9,0.6,0.2857142857142857,0,0,39.99940943511149,0.11289639473827484,0.9999901546988984,0.30378570015636797,88.08352436354026
20,0.025,0.9,0.6,0.2857142857142857,0,0,39.99999989635189,3.36038274983963e-9,0.9999999917769935,6.818303588396191e-9,89.75730781706176
5,0.1,0.9,0.6,0.2857142857142857,0,0,1.901606254154662,6.652447748223267e-8,0.999999953758498,1.7883489467074298e-8,47.758940990488085
10,0.1,0.9,0.6,0.2857142857142857,0,0,5.9843159968864335,0.030515116037500845,0.5888514649510143,0.9608553938966996,20.65522136812619
15,0.1,0.9,0.6,0.2857142857142857,0,0,4.156944866769119,4.2340603685186995e-5,0.5869157294933837,0.9999779976612351,18.870682773234673
20,0.1,0.9,0.6,0.2857142857142857,0,0,4.184395287667679,5.969770873127667e-4,0.5857167557546413,0.9992714781312051,18.88957759503474
5,0.057,0.3,0.8,0.2857142857142857,0,0,1.9016675501266689,3.0014441587677965e-7,0.9999998885521302,4.590608577714761e-7,47.75894570405018
10,0.057,0.3,0.8,0.2857142857142857,0,0,4.161054672133638,3.0917647240980006e-4,0.5960265420760563,0.7910556996483981,17.198363645610627
15,0.057,0.3,0.8,0.2857142857142857,0,0,39.99985215850842,0.11290409354905834,0.9999997790281085,9.536819867150825e-8,88.2185320566863
20,0.057,0.3,0.8,0.2857142857142857,0,0,39.999342991249776,0.11290194134085674,0.999999981462098,1.863572723914686e-8,88.21857040802385
5,0.025,0.3,0.8,0.2857142857142857,0,0,4.165547169405959,4.3072740627791983e-4,0.5964194760983047,0.7851731538049718,17.20403079661336
10,0.025,0.3,0.8,0.2857142857142857,0,0,5.690110575189788,0.026263763590989364,0.590838147105692,0.7618583785457386,18.902022485541632
15,0.025,0.3,0.8,0.2857142857142857,0,0,4.173115939075416,4.8074984075668903e-4,0.5933531326109942,0.7920176814556266,17.207813027768054
20,0.025,0.3,0.8,0.2857142857142857,0,0,39.999999916653096,2.872759030658756e-9,0.9999999975833227,5.877041242552394e-9,89.75730787920638
5,0.1,0.3,0.8,0.2857142857142857,0,0,1.901626921569426,1.5316127144338054e-7,0.999999999763312,2.1743011280328517e-9,47.75894305706408
10,0.1,0.3,0.8,0.2857142857142857,0,0,4.158134544863287,2.7941556886457164e-5,0.5858486711645604,0.9999902735822137,18.869904822086056
15,0.1,0.3,0.8,0.2857142857142857,0,0,5.633645681727623,0.02556122470895561,0.5866565385483784,0.7381030494490401,18.861482104029967
20,0.1,0.3,0.8,0.2857142857142857,0,0,4.155699126772506,7.303515775425318e-5,0.5938844074640528,1.1370788015940825e-5,18.159863323616804
5,0.057,0.5,0.8,0.2857142857142857,0,0,4.598450748711187,0.008846700284671605,0.6021316150393342,0.7392546803004743,17.666109148228134
10,0.057,0.5,0.8,0.2857142857142857,0,0,4.291310281642504,0.0026940046218946745,0.5878920193148031,0.9668649593117968,18.54260236294858
15,0.057,0.5,0.8,0.2857142857142857,0,0,39.99958601886886,0.11290182524578557,0.999999975945421,1.0850399312367642e-7,88.21855079086696
20,0.057,0.5,0.8,0.2857142857142857,0,0,39.99944920541687,0.11290418514822459,0.9999997116250637,1.1753046164075798e-6,88.2185540437845
5,0.025,0.5,0.8,0.2857142857142857,0,0,4.148099329592954,4.3103286531676055e-5,0.5956513221413867,0.7911367257825517,17.188050296504372
10,0.025,0.5,0.8,0.2857142857142857,0,0,4.165969631077906,4.5285148528761976e-4,0.596759624040257,0.7830810170308324,17.20585771093647
15,0.025,0.5,0.8,0.2857142857142857,0,0,4.256976764172238,0.0021882732406637295,0.5950044424236982,0.8026600020303171,17.283897758489754
20,0.025,0.5,0.8,0.2857142857142857,0,0,39.99999949699696,2.0721236615450778e-8,0.9999999196424878,2.806660022725005e-7,89.75731433754278
5,0.1,0.5,0.8,0.2857142857142857,0,0,1.9017023326233584,6.782748590561383e-8,0.9999999953611164,2.0662028199502913e-9,47.75894089594712
10,0.1,0.5,0.8,0.2857142857142857,0,0,4.156314622372708,2.8792577566827404e-5,0.5866223550735793,0.9999895626068749,18.87012556284353
15,0.1,0.5,0.8,0.2857142857142857,0,0,4.156835016848824,1.7633072957973228e-4,0.5950865485091547,2.2850665387186275e-4,18.162025762464868
20,0.1,0.5,0.8,0.2857142857142857,0,0,4.160454218600109,1.1242693458568542e-4,0.585644484384433,0.9999418070651567,18.874082450139493
5,0.057,0.7,0.8,0.2857142857142857,0,0,4.182604196304352,7.359606370239691e-4,0.5969627267370294,0.790994857354617,17.21588322020937
10,0.057,0.7,0.8,0.2857142857142857,0,0,4.156367786379141,1.553504045109788e-5,0.5863687566217458,0.9999943129446713,18.869269999160988
15,0.057,0.7,0.8,0.2857142857142857,0,0,39.99980064622602,0.1129051680499717,0.9999997593730086,1.2173536079185254e-7,88.21854085543
20,0.057,0.7,0.8,0.2857142857142857,0,0,39.998015649456775,0.1129016915569716,0.999999785393398,0.3037393902770773,88.08355145858103
5,0.025,0.7,0.8,0.2857142857142857,0,0,4.150338488591601,6.210743234641436e-5,0.5952568716425195,0.7892257945504872,17.188547618075443
10,0.025,0.7,0.8,0.2857142857142857,0,0,4.179632862810974,6.410179970098295e-4,0.5947322760889356,0.7859923341901855,17.211939028385622
15,0.025,0.7,0.8,0.2857142857142857,0,0,12.008891769337444,0.021361321825602297,0.9824381077899813,0.5066738384707433,90.25988991515192
20,0.025,0.7,0.8,0.2857142857142857,0,0,39.99999947552516,1.932905652202166e-8,0.9999999171360139,2.2681746369990208e-7,89.75731387548662
5,0.1,0.7,0.8,0.2857142857142857,0,0,1.9016477916957664,2.2217179962424893e-7,0.9999996110809548,5.911554378790207e-7,47.75894538116351
10,0.1,0.7,0.8,0.2857142857142857,0,0,4.216113506066701,0.001504599320247768,0.5959290079368378,0.7808345831604282,17.253867421717487
15,0.1,0.7,0.8,0.2857142857142857,0,0,4.149585825853763,2.5106948656483663e-5,0.5956719244410235,2.2835828142331316e-6,18.15627948167689
20,0.1,0.7,0.8,0.2857142857142857,0,0,4.155738528141941,2.2642567991004725e-5,0.5862609133277158,0.9999848034797616,18.869597648623174
5,0.057,0.9,0.8,0.2857142857142857,0,0,4.176158178801474,6.606416063139053e-4,0.5968059671249398,0.7946758234241642,17.21425278273682
10,0.057,0.9,0.8,0.2857142857142857,0,0,4.149471034832562,3.2750424288630064e-05,0.5959502497079214,9.502237561076488e-6,18.156606113991412
15,0.057,0.9,0.8,0.2857142857142857,0,0,39.99956302508957,0.11289872066903966,0.9999986955097698,6.154729890017752e-6,88.21855866261012
20,0.057,0.9,0.8,0.2857142857142857,0,0,39.999555497790944,0.11290336617776725,0.9999983889028872,2.0518734992758247e-6,88.21855596163584
5,0.025,0.9,0.8,0.2857142857142857,0,0,4.1657841525595884,3.863598095435461e-4,0.5953332011538012,0.7907124742823642,17.201204137211544
10,0.025,0.9,0.8,0.2857142857142857,0,0,4.17083905513188,3.5341003138988913e-4,0.586828758010511,0.9997475079877136,18.883542295141975
15,0.025,0.9,0.8,0.2857142857142857,0,0,39.85385506198754,0.11266565737386453,0.9999762683940566,0.3013342403738438,88.09082874555524
20,0.025,0.9,0.8,0.2857142857142857,0,0,39.99999943783888,1.702279472937107e-8,0.999999921007126,1.8341533308818825e-7,89.7573130929915
5,0.1,0.9,0.8,0.2857142857142857,0,0,1.9017125233223742,3.9141310348433933e-7,0.9999997928187421,1.2460877701903073e-7,47.75894786413278
10,0.1,0.9,0.8,0.2857142857142857,0,0,4.156959399190532,3.0379717157968944e-5,0.5861067411793675,0.9999843879452457,18.869893549721912
15,0.1,0.9,0.8,0.2857142857142857,0,0,4.160317522063474,8.396617841149867e-5,0.5861881673653235,0.9999795575664348,18.87247031096534
20,0.1,0.9,0.8,0.2857142857142857,0,0,4.157055776786642,6.045705816998259e-5,0.5869067826867451,0.999941257056205,18.87111079047093
5,0.057,0.3,1,0.2857142857142857,0,0,5,0.9999999999999998,0.3,1,52.532419565226725
10,0.057,0.3,1,0.2857142857142857,0,0,10,0.9999999999999998,0.3,1,52.53241951810672
15,0.057,0.3,1,0.2857142857142857,0,0,15,0.9999999999999998,0.3,1,52.53241947176538
20,0.057,0.3,1,0.2857142857142857,0,0,20,0.9999999999999998,0.3,1,52.53241942486456
5,0.025,0.3,1,0.2857142857142857,0,0,3.5680846778511888,9.691823566360114e-6,0.9999999999999998,1,38.605143993454064
10,0.025,0.3,1,0.2857142857142857,0,0,39.999999999999986,0.9999999999999997,0.9999999999999997,1,52.532418774392376
15,0.025,0.3,1,0.2857142857142857,0,0,39.999999999999986,0.9999999999999997,0.9999999999999997,1,52.532418774392376
20,0.025,0.3,1,0.2857142857142857,0,0,39.999999999999986,0.9999999999999997,0.9999999999999997,1,52.532418774392376
5,0.1,0.3,1,0.2857142857142857,0,0,5,0.9999999999999998,0.3,1,52.532419565226725
10,0.1,0.3,1,0.2857142857142857,0,0,10,0.9999999999999998,0.3,1,52.53241951810672
15,0.1,0.3,1,0.2857142857142857,0,0,15.526192861820046,0.10000149572295147,0.30674903338673487,1,45.893765858679586
20,0.1,0.3,1,0.2857142857142857,0,0,20,0.9999999999999998,0.3,1,52.53241942486456
5,0.057,0.5,1,0.2857142857142857,0,0,5,0.9999999999999998,0.5,1,52.532419550809024
10,0.057,0.5,1,0.2857142857142857,0,0,10,0.9999999999999998,0.5,1,52.5324194903048
15,0.057,0.5,1,0.2857142857142857,0,0,15,0.9999999999999998,0.5,1,52.532419430002754
20,0.057,0.5,1,0.2857142857142857,0,0,20,0.9999999999999998,0.5,1,52.532419369090576
5,0.025,0.5,1,0.2857142857142857,0,0,4.792518912157666,0.024912166821011605,0.9999999999999997,1,43.1571029059247
10,0.025,0.5,1,0.2857142857142857,0,0,39.999999999999986,0.9999999999999997,0.9999999999999997,1,52.532418774392376
15,0.025,0.5,1,0.2857142857142857,0,0,39.999999999999986,0.9999999999999997,0.9999999999999997,1,52.532418774392376
20,0.025,0.5,1,0.2857142857142857,0,0,39.999999999999986,0.9999999999999997,0.9999999999999997,1,52.532418774392376
5,0.1,0.5,1,0.2857142857142857,0,0,5,0.9999999999999998,0.5,1,52.532419550809024
10,0.1,0.5,1,0.2857142857142857,0,0,10,0.9999999999999998,0.5,1,52.5324194903048
15,0.1,0.5,1,0.2857142857142857,0,0,14.116607369232948,0.09999736751540228,0.48214274243880484,1,28.104958202111813
20,0.1,0.5,1,0.2857142857142857,0,0,20,0.9999999999999998,0.5,1,52.532419369090576
5,0.057,0.7,1,0.2857142857142857,0,0,5,0.9999999999999998,0.7,1,52.5324195365073
10,0.057,0.7,1,0.2857142857142857,0,0,10,0.9999999999999998,0.7,1,52.532419463394746
15,0.057,0.7,1,0.2857142857142857,0,0,15,0.9999999999999998,0.7,1,52.53241938818472
20,0.057,0.7,1,0.2857142857142857,0,0,20,0.9999999999999998,0.7,1,52.53241931321672
5,0.025,0.7,1,0.2857142857142857,0,0,4.9999999989837836,0.024999999999585243,0.7080958580163548,1,31.574578754126932
10,0.025,0.7,1,0.2857142857142857,0,0,39.999999999999986,0.9999999999999997,0.9999999999999997,1,52.532418774392376
15,0.025,0.7,1,0.2857142857142857,0,0,39.999999999999986,0.9999999999999997,0.9999999999999997,1,52.532418774392376
20,0.025,0.7,1,0.2857142857142857,0,0,39.999999999999986,0.9999999999999997,0.9999999999999997,1,52.532418774392376
5,0.1,0.7,1,0.2857142857142857,0,0,5,0.9999999999999998,0.7,1,52.5324195365073
10,0.1,0.7,1,0.2857142857142857,0,0,10,0.9999999999999998,0.7,1,52.532419463394746
15,0.1,0.7,1,0.2857142857142857,0,0,13.048725742844809,0.09999392888910863,0.6713230620648769,1,33.12259293909185
20,0.1,0.7,1,0.2857142857142857,0,0,20,0.9999999999999998,0.7,1,52.53241931321672
5,0.057,0.9,1,0.2857142857142857,0,0,5,0.9999999999999998,0.9,1,52.53241952252245
10,0.057,0.9,1,0.2857142857142857,0,0,10,0.9999999999999998,0.9,1,52.5324194347156
15,0.057,0.9,1,0.2857142857142857,0,0,15,0.9999999999999998,0.9,1,52.532419346435674
20,0.057,0.9,1,0.2857142857142857,0,0,20,0.9999999999999998,0.9,1,52.5324192576637
5,0.025,0.9,1,0.2857142857142857,0,0,5.0000000593310645,0.025000000024212765,0.7082100714423223,1,31.57456961852778
10,0.025,0.9,1,0.2857142857142857,0,0,39.999999999999986,0.9999999999999997,0.9999999999999997,1,52.532418774392376
15,0.025,0.9,1,0.2857142857142857,0,0,39.999999999999986,0.9999999999999997,0.9999999999999997,1,52.532418774392376
20,0.025,0.9,1,0.2857142857142857,0,0,39.999999999999986,0.9999999999999997,0.9999999999999997,1,52.532418774392376
5,0.1,0.9,1,0.2857142857142857,0,0,5,0.9999999999999998,0.9,1,52.53241952252245
10,0.1,0.9,1,0.2857142857142857,0,0,10,0.9999999999999998,0.9,1,52.5324194347156
15,0.1,0.9,1,0.2857142857142857,0,0,15,0.9999999999999998,0.9,1,52.532419346435674
20,0.1,0.9,1,0.2857142857142857,0,0,20,0.9999999999999998,0.9,1,52.5324192576637
5,0.057,0.3,0.4,0.7142857142857143,0,0,1.9067047683150706,1.7748390062632957e-6,0.9999788745826128,0.8320756480627349,47.650614713216434
10,0.057,0.3,0.4,0.7142857142857143,0,0,3.91885828568318,2.8859605169739844e-5,0.5438400402695046,4.819935498168171e-5,15.816843180866437
15,0.057,0.3,0.4,0.7142857142857143,0,0,39.99967909204347,0.11289970047700443,0.9999980352793246,9.276151085590989e-7,88.2185592947087
20,0.057,0.3,0.4,0.7142857142857143,0,0,39.99863448941076,0.11290658630642325,0.9999997113953552,8.89632826511777e-6,88.21859463613198
5,0.025,0.3,0.4,0.7142857142857143,0,0,3.9308261669518685,3.4348401355083213e-4,0.5444801901753785,0.8274991949441746,14.71102676068958
10,0.025,0.3,0.4,0.7142857142857143,0,0,3.968613325958259,0.0012471379814438799,0.547657601041385,0.8304420811926783,14.778136731947814
15,0.025,0.3,0.4,0.7142857142857143,0,0,39.999525507315155,0.11291001698710701,0.9999999224701486,5.29144416616667e-8,88.21854538521801
20,0.025,0.3,0.4,0.7142857142857143,0,0,39.99999993044645,3.049601848825745e-9,0.9999999956609087,4.486671528747266e-8,89.75730768555258
5,0.1,0.3,0.4,0.7142857142857143,0,0,1.9017146175707467,1.1318117054681665e-7,0.9999999969668332,6.233945193390156e-9,47.758942039573434
10,0.1,0.3,0.4,0.7142857142857143,0,0,3.9542828133911745,8.186511602431557e-4,0.5421373907544818,0.8213473105293688,14.746027991570799
15,0.1,0.3,0.4,0.7142857142857143,0,0,3.919224161858199,1.741399138144306e-5,0.5341938766004332,0.9999859076990154,15.932593161643146
20,0.1,0.3,0.4,0.7142857142857143,0,0,3.9175156811461265,2.3224064006788225e-5,0.5441332613804237,5.516951206152587e-6,15.81677749062728
5,0.057,0.5,0.4,0.7142857142857143,0,0,3.921757767677101,2.7425548063175764e-5,0.5331833934902339,0.999980677661868,15.933606738783379
10,0.057,0.5,0.4,0.7142857142857143,0,0,3.9221181153386286,4.7414828461322944e-5,0.533283429752977,0.999910797686987,15.934033967917403
15,0.057,0.5,0.4,0.7142857142857143,0,0,39.99934715419485,0.11290472269416496,0.9999999152898573,1.1276807050375481e-6,88.2185585349596
20,0.057,0.5,0.4,0.7142857142857143,0,0,39.999344764183384,0.11290386844410993,0.9999999542971785,5.562315804064077e-7,88.21855654262046
5,0.025,0.5,0.4,0.7142857142857143,0,0,3.946912024257798,7.46030525571928e-4,0.5460849652585573,0.8149042571737275,14.74225293266625
10,0.025,0.5,0.4,0.7142857142857143,0,0,3.917626823661575,4.487337591041474e-5,0.5437571575135911,0.8228262109446506,14.6915851136145
15,0.025,0.5,0.4,0.7142857142857143,0,0,39.99936075576882,0.11290613313908959,0.9999999808797133,2.6139502007360704e-8,88.2185621013534
20,0.025,0.5,0.4,0.7142857142857143,0,0,39.99999993510998,2.854290137577209e-9,0.9999999941830093,1.1209547123858243e-8,89.75730761715653
5,0.1,0.5,0.4,0.7142857142857143,0,0,1.901708958971562,1.0892734025880202e-7,0.99999998479312,3.046217661450967e-8,47.758941485274754
10,0.1,0.5,0.4,0.7142857142857143,0,0,3.9275459571115,2.3794846044250528e-4,0.5445193908966235,0.8249849982778399,14.704052776773862
15,0.1,0.5,0.4,0.7142857142857143,0,0,3.9177322108792167,2.2315810580486595e-5,0.5442361006671729,1.4647301627812581e-5,15.816386499223112
20,0.1,0.5,0.4,0.7142857142857143,0,0,3.9255585732282516,1.6258420988851663e-4,0.5338028812711999,0.9993032416581458,15.934467808153837
5,0.057,0.7,0.4,0.7142857142857143,0,0,3.918463374189216,2.335218038201914e-5,0.5335462553740654,0.9999412890071783,15.933306893247545
10,0.057,0.7,0.4,0.7142857142857143,0,0,3.9227751558734902,7.426817108419081e-5,0.5336829389297131,0.9998929937256141,15.935617020671206
15,0.057,0.7,0.4,0.7142857142857143,0,0,39.999264298739504,0.11290327828604568,0.9999995525009183,2.406287868406132e-7,88.21856641954156
20,0.057,0.7,0.4,0.7142857142857143,0,0,39.99915177713572,0.11290578103613796,0.9999999540078947,1.7673787405803054e-7,88.21857081549379
5,0.025,0.7,0.4,0.7142857142857143,0,0,3.9204783052930092,7.089603881027529e-5,0.5421913452551633,0.8252142468503734,14.694437540589515
10,0.025,0.7,0.4,0.7142857142857143,0,0,4.225521221996724,0.0065176243800043054,0.5483590642413845,0.8001823226989335,15.18765965300755
15,0.025,0.7,0.4,0.7142857142857143,0,0,36.242124081215856,0.10542102599532949,0.9940162142335821,0.0029489510148404396,88.42224196820071
20,0.025,0.7,0.4,0.7142857142857143,0,0,39.99999971203236,9.336346085131453e-9,0.9999999771539376,1.8943414781258383e-8,89.75730997750223
5,0.1,0.7,0.4,0.7142857142857143,0,0,1.9016555877434005,9.34281022546557e-8,0.999999998285289,9.555224389501404e-10,47.75894127381773
10,0.1,0.7,0.4,0.7142857142857143,0,0,3.9216878737316763,3.0241444249679006e-5,0.5327686583923609,0.9999528022790924,15.933487268692504
15,0.1,0.7,0.4,0.7142857142857143,0,0,3.9175798101251402,4.441791906006909e-6,0.5440362726369233,2.9927203487600806e-6,15.815474155080103
20,0.1,0.7,0.4,0.7142857142857143,0,0,3.938355328616303,4.314814828617619e-4,0.534081366555814,0.9984643516445115,15.943980745459138
5,0.057,0.9,0.4,0.7142857142857143,0,0,3.923394235011859,1.455460053454427e-4,0.5429930015449275,0.825959131640097,14.698156055989964
10,0.057,0.9,0.4,0.7142857142857143,0,0,3.917132811792039,6.55068943897219e-5,0.5455042580982082,0.8255473107232525,14.693439728318111
15,0.057,0.9,0.4,0.7142857142857143,0,0,39.99984660990259,0.11290758491197905,0.9999977437651397,2.292434100825691e-6,88.21854958895565
20,0.057,0.9,0.4,0.7142857142857143,0,0,39.999032844440386,0.11290572609814203,0.9999985791730803,0.30412867314024294,88.08352144726506
5,0.025,0.9,0.4,0.7142857142857143,0,0,3.9187662943085977,6.703986303485676e-5,0.5435589698723946,0.8250300262780945,14.69284219205993
10,0.025,0.9,0.4,0.7142857142857143,0,0,3.9187306312684766,6.906214191415572e-5,0.54373478719985,0.8285943836262972,14.69295602370719
15,0.025,0.9,0.4,0.7142857142857143,0,0,11.823960945867512,0.020209973803769876,0.9781733343682566,0.5097735443688869,90.28787806362257
20,0.025,0.9,0.4,0.7142857142857143,0,0,39.99999971203236,9.336346085131453e-9,0.9999999771539414,1.8943414781258383e-8,89.7573099774254
5,0.1,0.9,0.4,0.7142857142857143,0,0,1.9016539671276766,1.7811392555300287e-7,0.9999997132454395,1.2437015256550055e-7,47.75894328060489
10,0.1,0.9,0.4,0.7142857142857143,0,0,3.9221706162954795,7.258544959565238e-5,0.533458707220319,0.9998364643745804,15.934994129383986
15,0.1,0.9,0.4,0.7142857142857143,0,0,4.055136057044204,0.003051613296056188,0.5481236357450183,0.8112608777212199,14.907897873839731
20,0.1,0.9,0.4,0.7142857142857143,0,0,3.9184876359564846,1.8686053278704762e-5,0.5345423738143573,0.9999905628713723,15.932984511955842
5,0.057,0.3,0.6,0.7142857142857143,0,0,1.9016020242491871,1.3093535750074992e-7,0.9999998079049707,2.145028454858533e-7,47.75894307976378
10,0.057,0.3,0.6,0.7142857142857143,0,0,3.9206500411271716,4.724513721426904e-5,0.5340393065454642,0.9999586316237062,15.934548574531027
15,0.057,0.3,0.6,0.7142857142857143,0,0,39.99969800268382,0.11290571200007465,0.9999999024398938,5.030741728750954e-8,88.21853975417008
20,0.057,0.3,0.6,0.7142857142857143,0,0,39.99920829474875,0.1129022628643489,0.9999999465713953,6.270684543840943e-8,88.21856435977261
5,0.025,0.3,0.6,0.7142857142857143,0,0,3.922709622247884,8.192440627075026e-5,0.5332146672654751,0.9997946608283683,15.93534720668298
10,0.025,0.3,0.6,0.7142857142857143,0,0,5.245792498370296,0.02483121548043582,0.5496139945140698,0.8258347285099336,17.146921756694233
15,0.025,0.3,0.6,0.7142857142857143,0,0,4.270304979442415,0.007411189543524432,0.5487382053990227,0.8065939940905713,15.260173276498035
20,0.025,0.3,0.6,0.7142857142857143,0,0,39.9999999349633,2.6583875656349676e-9,0.9999999968218649,2.4636089668295114e-8,89.75730778327188
5,0.1,0.3,0.6,0.7142857142857143,0,0,1.9016418418428782,5.685940390742772e-8,0.999999996780402,2.6789632734391944e-9,47.7589406697241
10,0.1,0.3,0.6,0.7142857142857143,0,0,3.9186474998848686,2.3445285355805368e-5,0.5338162388154319,0.9999881298136806,15.933352856230993
15,0.1,0.3,0.6,0.7142857142857143,0,0,3.9460987395578906,5.9879055240325e-4,0.5344553683115437,0.9972320588464068,15.939881917272437
20,0.1,0.3,0.6,0.7142857142857143,0,0,3.918819764307462,3.7764214455893175e-5,0.5346506808940118,0.99995689869697435,15.934241449335923
5,0.057,0.5,0.6,0.7142857142857143,0,0,3.9200240315213364,1.5977962195490303e-5,0.5331577939491943,0.9999912605028397,15.932660957940474
10,0.057,0.5,0.6,0.7142857142857143,0,0,4.138361671688234,0.004745983093902673,0.5462763330507191,0.8029912959547336,15.042159708450468
15,0.057,0.5,0.6,0.7142857142857143,0,0,39.999483171028565,0.11290222458591614,0.9999992457228912,2.5256057751832373e-6,88.2185592302965
20,0.057,0.5,0.6,0.7142857142857143,0,0,39.9992962769596,0.11290274881271084,0.9999999810113549,2.504298168837238e-8,88.21856518879373
5,0.025,0.5,0.6,0.7142857142857143,0,0,3.9380958534665256,4.921222670258851e-4,0.5438137856451807,0.8193336081921321,14.721933765556612
10,0.025,0.5,0.6,0.7142857142857143,0,0,3.9196646896976595,1.7041480577018042e-4,0.5449452612597472,0.824704348075315,14.70184319933743
15,0.025,0.5,0.6,0.7142857142857143,0,0,39.99950917730423,0.11290670950646953,0.9999999494296464,5.094388422222096e-8,88.21855178604348
20,0.025,0.5,0.6,0.7142857142857143,0,0,39.99999993510998,2.854290137577209e-9,0.9999999941830093,1.1209547401414e-8,89.75730761715653
5,0.1,0.5,0.6,0.7142857142857143,0,0,1.9016054881509104,1.556419452208857e-7,0.9999999908909756,7.46996220435392e-9,47.758942974538655
10,0.1,0.5,0.6,0.7142857142857143,0,0,3.9588818923038605,8.059332629045124e-4,0.5313821448246032,0.9995235681768778,15.992822888963905
15,0.1,0.5,0.6,0.7142857142857143,0,0,3.918409410180599,2.14446898607612e-5,0.5433926388332322,1.667333246929692e-5,15.816613659114724
20,0.1,0.5,0.6,0.7142857142857143,0,0,3.924885329422758,1.964776793138001e-4,0.5442157388021827,0.8258145875387407,14.700861800776702
5,0.057,0.7,0.6,0.7142857142857143,0,0,3.996125371839734,0.0018104749082855642,0.5482957642057974,0.8313336453803923,14.81933276062491
10,0.057,0.7,0.6,0.7142857142857143,0,0,3.9194251973233163,6.920353937722723e-5,0.5428519035162656,0.8245736490018581,14.693662124941463
15,0.057,0.7,0.6,0.7142857142857143,0,0,39.99966133091794,0.11290344523178064,0.9999999471726143,2.5145900528489307e-8,88.21854162174806
20,0.057,0.7,0.6,0.7142857142857143,0,0,39.99937308831271,0.11290498549609668,0.9999999960831952,4.555910149139919e-9,88.2185570199511
5,0.025,0.7,0.6,0.7142857142857143,0,0,3.9249446358577855,1.8757249209527815e-4,0.5431467765869592,0.8317069595342972,14.701746254135065
10,0.025,0.7,0.6,0.7142857142857143,0,0,3.9263946205039812,2.7550837583512067e-4,0.543427482075631,0.8276992027557823,14.708159072306353
15,0.025,0.7,0.6,0.7142857142857143,0,0,39.99961633398516,0.11290276574154323,0.9999976826426769,1.2655670237338157e-6,88.21854797626163
20,0.025,0.7,0.6,0.7142857142857143,0,0,39.99999993510998,2.854290137577209e-9,0.9999999941830094,1.1209547401414e-8,89.75730761737734
5,0.1,0.7,0.6,0.7142857142857143,0,0,1.901655149022412,5.168360950325024e-8,0.9999999985202592,1.967926710477741e-9,47.758940508162446
10,0.1,0.7,0.6,0.7142857142857143,0,0,3.920132234901843,8.668085026863892e-6,0.5333098111897608,0.9999857865283028,15.931973611223768
15,0.1,0.7,0.6,0.7142857142857143,0,0,3.920561794986963,4.1758178752349107e-5,0.5335108361782281,0.9999737202222574,15.934470322750048
20,0.1,0.7,0.6,0.7142857142857143,0,0,3.919287435533678,3.45078264905041e-5,0.5342519524167414,0.9999503685487947,15.933524062852486
5,0.057,0.9,0.6,0.7142857142857143,0,0,3.917628393772854,4.510492210590966e-5,0.5422202932643101,0.8251281918407114,14.693682080416705
10,0.057,0.9,0.6,0.7142857142857143,0,0,4.120283885311096,0.0042665706228132705,0.5378043558847353,0.9689256414159735,15.883591081238883
15,0.057,0.9,0.6,0.7142857142857143,0,0,39.99880919325398,0.11290194232518275,0.9999948127612964,0.30355686079541266,88.08352831789834
20,0.057,0.9,0.6,0.7142857142857143,0,0,39.999020876129585,0.11289997220183529,0.999999647047148,5.409743774609233e-7,88.21857474787008
5,0.025,0.9,0.6,0.7142857142857143,0,0,3.926756669665503,3.11700758433453e-4,0.5439762593750709,0.8257440646774745,14.711551829183477
10,0.025,0.9,0.6,0.7142857142857143,0,0,3.9198793799188048,1.50349372132208e-5,0.5335178817884259,0.9999841016863871,15.932397566025212
15,0.025,0.9,0.6,0.7142857142857143,0,0,39.99830151346178,0.1129106205748725,0.9999995302765079,0.3034324415213454,88.08355542963834
20,0.025,0.9,0.6,0.7142857142857143,0,0,39.99999971203236,9.336346085131453e-9,0.9999999771539414,1.894341550290335e-8,89.75730997742538
5,0.1,0.9,0.6,0.7142857142857143,0,0,1.9016146797560607,5.431926269894305e-8,0.9999998795725744,1.3559792566564255e-8,47.75894139590215
10,0.1,0.9,0.6,0.7142857142857143,0,0,5.197698034385665,0.023961977028239267,0.5440851449928805,0.9721002765626524,18.1455310470154
15,0.1,0.9,0.6,0.7142857142857143,0,0,3.9196381467803665,1.702933043629118e-5,0.5340262412924188,0.9999905407011723,15.93262169327811
20,0.1,0.9,0.6,0.7142857142857143,0,0,3.9259834474193367,1.6038688615488406e-4,0.5428830530186708,0.8238119001206301,14.699843154983936
5,0.057,0.3,0.8,0.7142857142857143,0,0,1.901609121793697,9.727599142861365e-8,0.9999999501261702,6.137337216216565e-8,47.75894099531934
10,0.057,0.3,0.8,0.7142857142857143,0,0,3.9200680584502767,4.3893998594890515e-5,0.5336744557780801,0.9999845831314962,15.935054441723032
15,0.057,0.3,0.8,0.7142857142857143,0,0,39.999873041290435,0.11290821887158747,0.99999905618733,3.577671338073074e-7,88.21853956402606
20,0.057,0.3,0.8,0.7142857142857143,0,0,39.99892991642842,0.11290216433496131,0.9999999536566675,1.2616914256136091e-6,88.21857895076559
5,0.025,0.3,0.8,0.7142857142857143,0,0,3.9211352641355446,9.09584680495179e-5,0.5423791562704819,0.8255823177159698,14.695618348049758
10,0.025,0.3,0.8,0.7142857142857143,0,0,3.92299341759091,5.9367744651372956e-5,0.5335493071324489,0.9998676305782344,15.934386730406986
15,0.025,0.3,0.8,0.7142857142857143,0,0,4.219303393763923,0.006319849992569904,0.5437053270884201,0.8736435667953029,15.27930497286306
20,0.025,0.3,0.8,0.7142857142857143,0,0,39.999999905352716,3.262272396664656e-9,0.9999999972556579,6.6738318205139535e-9,89.7573080175792
5,0.1,0.3,0.8,0.7142857142857143,0,0,1.9016577778821464,9.350846896793996e-8,0.9999999910423807,1.4665060832363963e-8,47.758941139637585
10,0.1,0.3,0.8,0.7142857142857143,0,0,3.9187597999888735,1.074443060139485e-5,0.5336774748431926,0.9999926763059604,15.932207091716595
15,0.1,0.3,0.8,0.7142857142857143,0,0,3.9164597765929754,3.38857549471161e-5,0.5440671781653978,0.8252819247252252,14.690665943708707
20,0.1,0.3,0.8,0.7142857142857143,0,0,4.004533812841142,0.001835067615627517,0.5357854584345102,0.9854940667761645,15.880485016025856
5,0.057,0.5,0.8,0.7142857142857143,0,0,3.9319394365598637,4.4192789420838263e-4,0.5471181815503203,0.824160720500576,14.721006426666971
10,0.057,0.5,0.8,0.7142857142857143,0,0,3.932856712670172,4.15703154040048e-4,0.543426016020252,0.826754961203523,14.71760429879771
15,0.057,0.5,0.8,0.7142857142857143,0,0,39.99692300962914,0.11290028091038962,0.9999979930307783,0.3045408092140391,88.08364187383684
20,0.057,0.5,0.8,0.7142857142857143,0,0,39.999604436355376,0.11290332175602802,0.9999996945108313,4.585128720591136e-7,88.21854571823879
5,0.025,0.5,0.8,0.7142857142857143,0,0,3.93993182239456,5.382235316380712e-4,0.5440140611085681,0.8157643266157938,14.726761998439537
10,0.025,0.5,0.8,0.7142857142857143,0,0,3.917677978511467,3.144788967440748e-5,0.5434078951916435,0.825711142762147,14.690574489352253
15,0.025,0.5,0.8,0.7142857142857143,0,0,39.99837709563246,0.11290053106754555,0.999999243568083,0.3038267076832406,88.08354159394267
20,0.025,0.5,0.8,0.7142857142857143,0,0,39.99999973850419,1.0772351177745776e-8,0.9999999582281104,1.458880969917864e-7,89.7573088083255
5,0.1,0.5,0.8,0.7142857142857143,0,0,1.9016667417167965,8.201997397927485e-8,0.9999999970536824,3.136254700386587e-9,47.758941131162885
10,0.1,0.5,0.8,0.7142857142857143,0,0,3.9193117091710006,2.336695297194824e-5,0.5336432669761739,0.9999856202800075,15.933191459884574
15,0.1,0.5,0.8,0.7142857142857143,0,0,3.92175846508394,2.7643534237759004e-4,0.5482804645750463,0.833252472321467,14.717103934468176
20,0.1,0.5,0.8,0.7142857142857143,0,0,3.917228930733907,4.231245394897831e-5,0.5439365916097954,0.8246281913659528,14.691181412627003
5,0.057,0.7,0.8,0.7142857142857143,0,0,3.920297323101858,5.168620864609563e-5,0.5439438861551632,3.2843885384992166e-5,15.818318261778971
10,0.057,0.7,0.8,0.7142857142857143,0,0,3.9181645194914405,4.74868873053258e-5,0.5442005895106377,0.8250686687517537,14.691250184743641
15,0.057,0.7,0.8,0.7142857142857143,0,0,39.99934797501943,0.11290124862950218,0.9999997624965775,1.38498308155377e-7,88.21856267022929
20,0.057,0.7,0.8,0.7142857142857143,0,0,39.999755229337254,0.11290320625395944,0.9999991367817165,7.681567593675886e-7,88.21854872104235
5,0.025,0.7,0.8,0.7142857142857143,0,0,3.918648920672314,8.003223000202508e-5,0.5438706764755388,0.8224085328948985,14.694083259156699
10,0.025,0.7,0.8,0.7142857142857143,0,0,4.185117949587509,0.0055641380438478105,0.5378125561528013,0.9582314114451471,15.879271384341614
15,0.025,0.7,0.8,0.7142857142857143,0,0,12.019419423536618,0.021436845197028764,0.9821401205605953,0.5067429229451648,90.26109895360003
20,0.025,0.7,0.8,0.7142857142857143,0,0,39.99999972309364,1.0205110478889168e-8,0.9999999562515549,1.197453586843089e-7,89.75730867504426
5,0.1,0.7,0.8,0.7142857142857143,0,0,1.9016458011179882,4.984902546301129e-8,0.9999999998579248,2.2660347487324373e-9,47.75894040556528
10,0.1,0.7,0.8,0.7142857142857143,0,0,3.9296038644427256,2.418456470756336e-4,0.5329489856866835,0.9993256085017317,15.941999282498148
15,0.1,0.7,0.8,0.7142857142857143,0,0,3.916613951593544,1.66663184583693e-5,0.5438468451575084,0.8291424046235437,14.6896951787036
20,0.1,0.7,0.8,0.7142857142857143,0,0,3.920032113462111,2.299839277514204e-5,0.5335040003025087,0.9999588591119168,15.93266679480345
5,0.057,0.9,0.8,0.7142857142857143,0,0,3.966834052331498,9.94966923870244e-4,0.5336648784654591,0.9944703776261512,15.93348268033757
10,0.057,0.9,0.8,0.7142857142857143,0,0,3.920387847274547,1.528998702682305e-5,0.5335079496126796,0.9999882149740185,15.932474922347101
15,0.057,0.9,0.8,0.7142857142857143,0,0,39.9995416698166,0.11290426344912208,0.9999996533212081,1.987951782633779e-7,88.21854883805564
20,0.057,0.9,0.8,0.7142857142857143,0,0,39.999549913177034,0.11290511033917355,0.9999996940686798,6.246991658465095e-6,88.2185486500983
5,0.025,0.9,0.8,0.7142857142857143,0,0,3.942216801816516,6.385089495355434e-4,0.54617778290991,0.8335341470833919,14.734466935805113
10,0.025,0.9,0.8,0.7142857142857143,0,0,5.4915866064182906,0.028736055556062623,0.5488073456504067,0.8348240391465589,17.666268367294965
15,0.025,0.9,0.8,0.7142857142857143,0,0,39.995515127428646,0.11290313818714359,0.9999976792974958,0.3031903368858,88.08369675494835
20,0.025,0.9,0.8,0.7142857142857143,0,0,39.999999706940685,8.87405743332792e-9,0.9999999588183319,9.561890967901832e-8,89.7573081554519
5,0.1,0.9,0.8,0.7142857142857143,0,0,1.9017039651869405,9.001576095624131e-8,0.999999969405333,2.9667752032835892e-8,47.758941265945076
10,0.1,0.9,0.8,0.7142857142857143,0,0,4.583347752270983,0.013328751778967252,0.5489922819006957,0.032620224799122244,16.839060851507604
15,0.1,0.9,0.8,0.7142857142857143,0,0,3.9213512202567236,2.617948034649986e-5,0.5322797862693692,0.9999864588340447,15.93448715971269
20,0.1,0.9,0.8,0.7142857142857143,0,0,3.9210501430276823,1.1463022579683013e-4,0.5443460785960078,0.8167780249439409,14.698211997516262
5,0.057,0.3,1,0.7142857142857143,0,0,5,0.9999999999999998,0.3,1,52.5324195523494
10,0.057,0.3,1,0.7142857142857143,0,0,10,0.9999999999999998,0.3,1,52.53241949678287
15,0.057,0.3,1,0.7142857142857143,0,0,15,0.9999999999999998,0.3,1,52.53241943371089
20,0.057,0.3,1,0.7142857142857143,0,0,20,0.9999999999999998,0.3,1,52.53241937978472
5,0.025,0.3,1,0.7142857142857143,0,0,3.5680846778511888,9.691823566360114e-6,0.9999999999999998,1,38.60514399344469
10,0.025,0.3,1,0.7142857142857143,0,0,39.999999999999986,0.9999999999999997,0.9999999999999997,1,52.532418774392376
15,0.025,0.3,1,0.7142857142857143,0,0,39.999999999999986,0.9999999999999997,0.9999999999999997,1,52.532418774392376
20,0.025,0.3,1,0.7142857142857143,0,0,39.999999999999986,0.9999999999999997,0.9999999999999997,1,52.532418774392376
5,0.1,0.3,1,0.7142857142857143,0,0,5,0.9999999999999998,0.3,1,52.5324195523494
10,0.1,0.3,1,0.7142857142857143,0,0,10,0.9999999999999998,0.3,1,52.53241949678287
15,0.1,0.3,1,0.7142857142857143,0,0,15,0.9999999999999998,0.3,1,52.53241943371089
20,0.1,0.3,1,0.7142857142857143,0,0,20,0.9999999999999998,0.3,1,52.53241937978472
5,0.057,0.5,1,0.7142857142857143,0,0,5,0.9999999999999998,0.5,1,52.532419541832994
10,0.057,0.5,1,0.7142857142857143,0,0,10,0.9999999999999998,0.5,1,52.53241947467092
15,0.057,0.5,1,0.7142857142857143,0,0,15,0.9999999999999998,0.5,1,52.532419407446795
20,0.057,0.5,1,0.7142857142857143,0,0,20,0.9999999999999998,0.5,1,52.53241933262831
5,0.025,0.5,1,0.7142857142857143,0,0,4.999999991570501,0.024999999996559885,0.6010348375174661,1,22.314234273781913
10,0.025,0.5,1,0.7142857142857143,0,0,39.999999999999986,0.9999999999999997,0.9999999999999997,1,52.532418774392376
15,0.025,0.5,1,0.7142857142857143,0,0,39.999999999999986,0.9999999999999997,0.9999999999999997,1,52.532418774392376
20,0.025,0.5,1,0.7142857142857143,0,0,39.999999999999986,0.9999999999999997,0.9999999999999997,1,52.532418774392376
5,0.1,0.5,1,0.7142857142857143,0,0,5,0.9999999999999998,0.5,1,52.532419541832994
10,0.1,0.5,1,0.7142857142857143,0,0,10,0.9999999999999998,0.5,1,52.53241947467092
15,0.1,0.5,1,0.7142857142857143,0,0,15,0.9999999999999998,0.5,1,52.532419407446795
20,0.1,0.5,1,0.7142857142857143,0,0,20,0.9999999999999998,0.5,1,52.53241933262831
5,0.057,0.7,1,0.7142857142857143,0,0,5,0.9999999999999998,0.7,1,52.53241953124519
10,0.057,0.7,1,0.7142857142857143,0,0,10,0.9999999999999998,0.7,1,52.532419452349984
15,0.057,0.7,1,0.7142857142857143,0,0,15,0.9999999999999998,0.7,1,52.53241937380488
20,0.057,0.7,1,0.7142857142857143,0,0,20,0.9999999999999998,0.7,1,52.53241929482842
5,0.025,0.7,1,0.7142857142857143,0,0,5.000000010213455,0.025000000004168077,0.6010348891778248,1,22.31424020804637
10,0.025,0.7,1,0.7142857142857143,0,0,39.999999999999986,0.9999999999999997,0.9999999999999997,1,52.532418774392376
15,0.025,0.7,1,0.7142857142857143,0,0,39.999999999999986,0.9999999999999997,0.9999999999999997,1,52.532418774392376
20,0.025,0.7,1,0.7142857142857143,0,0,39.999999999999986,0.9999999999999997,0.9999999999999997,1,52.532418774392376
5,0.1,0.7,1,0.7142857142857143,0,0,5,0.9999999999999998,0.7,1,52.53241953124519
10,0.1,0.7,1,0.7142857142857143,0,0,10,0.9999999999999998,0.7,1,52.532419452349984
15,0.1,0.7,1,0.7142857142857143,0,0,15,0.9999999999999998,0.7,1,52.53241937380488
20,0.1,0.7,1,0.7142857142857143,0,0,20,0.9999999999999998,0.7,1,52.53241929482842
5,0.057,0.9,1,0.7142857142857143,0,0,5,0.9999999999999998,0.9,1,52.53241952101098
10,0.057,0.9,1,0.7142857142857143,0,0,10,0.9999999999999998,0.9,1,52.532419431206336
15,0.057,0.9,1,0.7142857142857143,0,0,15,0.9999999999999998,0.9,1,52.53241934116493
20,0.057,0.9,1,0.7142857142857143,0,0,20,0.9999999999999998,0.9,1,52.532419250225125
5,0.025,0.9,1,0.7142857142857143,0,0,5.000000070547086,0.025000000028789937,0.6010348913999671,1,22.314241153095768
10,0.025,0.9,1,0.7142857142857143,0,0,39.999999999999986,0.9999999999999997,0.9999999999999997,1,52.532418774392376
15,0.025,0.9,1,0.7142857142857143,0,0,39.999999999999986,0.9999999999999997,0.9999999999999997,1,52.532418774392376
20,0.025,0.9,1,0.7142857142857143,0,0,39.999999999999986,0.9999999999999997,0.9999999999999997,1,52.532418774392376
5,0.1,0.9,1,0.7142857142857143,0,0,5,0.9999999999999998,0.9,1,52.53241952101098
10,0.1,0.9,1,0.7142857142857143,0,0,10,0.9999999999999998,0.9,1,52.532419431206336
15,0.1,0.9,1,0.7142857142857143,0,0,15,0.9999999999999998,0.9,1,52.53241934116493
20,0.1,0.9,1,0.7142857142857143,0,0,20,0.9999999999999998,0.9,1,52.532419250225125
5,0.057,0.3,0.4,1,0,0,3.8653747800800353,4.114080863892866e-5,0.5189752235834496,0.9999890986594052,14.141392607274287
10,0.057,0.3,0.4,1,0,0,3.866059245901383,2.2142406704672712e-5,0.5271089926990593,1.3512043263275153e-5,14.272718129062994
15,0.057,0.3,0.4,1,0,0,39.99959921863006,0.11290568420078739,0.9999972799249777,1.4561862662909597e-6,88.21855254859624
20,0.057,0.3,0.4,1,0,0,39.99877920654512,0.11289971509027708,0.9999999363541305,1.0950216071115015e-6,88.21857636819124
5,0.025,0.3,0.4,1,0,0,4.177941599583268,0.00674750459080159,0.5322700751710092,0.8216711685893587,13.656068692665853
10,0.025,0.3,0.4,1,0,0,4.146430819938656,0.006071633321942438,0.5348527752131654,0.846613134638056,13.599720274319141
15,0.025,0.3,0.4,1,0,0,39.99949458288519,0.11290791350138751,0.9999999349099933,5.392635310519367e-8,88.21854314690366
20,0.025,0.3,0.4,1,0,0,39.99999989520528,4.594720270922892e-9,0.9999999934624629,6.75985797893297e-8,89.75730824825914
5,0.1,0.3,0.4,1,0,0,1.901694929404647,7.531307827379763e-8,0.999999945405925,8.054269251545065e-9,47.75894092893716
10,0.1,0.3,0.4,1,0,0,3.8654618169616572,1.784995209092033e-5,0.5174660385394345,0.9999901276005434,14.139607073709334
15,0.1,0.3,0.4,1,0,0,3.8661154868739467,2.3985775592039182e-5,0.5280170892135256,3.470868555599527e-5,14.272457142326264
20,0.1,0.3,0.4,1,0,0,3.8649076622060985,2.689112710552166e-5,0.5182214095862534,0.9999783509748859,14.140080778855319
5,0.057,0.5,0.4,1,0,0,4.209613824038339,0.007293545467306761,0.5313934564376627,0.8212398267568158,13.708494708349944
10,0.057,0.5,0.4,1,0,0,3.8654070072515823,6.023827197731979e-5,0.5182864771307181,0.9998928429194891,14.14195839178962
15,0.057,0.5,0.4,1,0,0,39.99932254684275,0.11290416108732942,0.9999999567231859,2.101654182351531e-7,88.21855390935502
20,0.057,0.5,0.4,1,0,0,39.999074267869446,0.11290060230753057,0.9999999363194333,1.0619587231808225e-7,88.21856333086679
5,0.025,0.5,0.4,1,0,0,5.162385633148341,0.024738218552145752,0.5383297044298988,0.8066894671216296,15.874233841763228
10,0.025,0.5,0.4,1,0,0,3.867353203947066,6.626615262605995e-5,0.5180312083381226,0.9997575427715486,14.140150470686912
15,0.025,0.5,0.4,1,0,0,39.99953369235108,0.11290306432590796,0.9999999954064398,6.160851384606758e-9,88.21855323583425
20,0.025,0.5,0.4,1,0,0,39.999999940189426,2.6308575318267913e-9,0.9999999946384449,1.0331918154360409e-8,89.75730754010306
5,0.1,0.5,0.4,1,0,0,1.9016946847141836,1.5388827762086166e-7,0.9999998922345263,2.909443319598637e-8,47.75894261168623
10,0.1,0.5,0.4,1,0,0,3.866448975640633,2.2659774221556184e-5,0.5174925502859273,0.9999886596619083,14.14005254133849
15,0.1,0.5,0.4,1,0,0,3.8654146623561303,2.4921456044213475e-5,0.528379711265382,1.5626476127295064e-5,14.272502959703516
20,0.1,0.5,0.4,1,0,0,3.865191626690312,5.484051445625582e-5,0.518605616496861,0.999874708987189,14.14117127866644
5,0.057,0.7,0.4,1,0,0,3.8648586837836407,2.1414141406050913e-5,0.5284665188946807,9.791246450463476e-5,14.27213985001117
10,0.057,0.7,0.4,1,0,0,3.8714052848115377,1.8271081250548216e-4,0.5269848792409665,0.84175784399322,13.074100125478033
15,0.057,0.7,0.4,1,0,0,39.99928278070254,0.1129012482075975,0.9999998453984026,6.665656299142952e-8,88.21855977063753
20,0.057,0.7,0.4,1,0,0,39.999173590554776,0.11290070341047254,0.9999970726207683,0.30335971907041226,88.0835098719668
5,0.025,0.7,0.4,1,0,0,3.8807757747567795,4.915703963969675e-4,0.5323863618575285,0.843372472038961,13.105143476139189
10,0.025,0.7,0.4,1,0,0,3.8661778510411993,3.293000361587195e-5,0.5179367779988362,0.9999645378389734,14.140416284643827
15,0.025,0.7,0.4,1,0,0,39.99961774612093,0.11290427426256305,0.9999984892582077,9.419353433903765e-7,88.21855556780565
20,0.025,0.7,0.4,1,0,0,39.999999885990945,3.696334294200909e-9,0.9999999909549329,7.499825871448706e-9,89.7573079470082
5,0.1,0.7,0.4,1,0,0,1.9016841788218541,5.8141738590311576e-8,0.9999999943405877,3.599309073010204e-9,47.758940687500655
10,0.1,0.7,0.4,1,0,0,3.884435954219374,4.8012749944914557e-4,0.5289850745188908,0.8356796206176839,13.095180456680716
15,0.1,0.7,0.4,1,0,0,3.865001141371207,1.9470930409493103e-5,0.5283602149379372,8.906012977760724e-6,14.272131160109556
20,0.1,0.7,0.4,1,0,0,3.8667342780897895,4.030865642540293e-5,0.5278241648231503,1.7142647457646376e-4,14.27355088164018
5,0.057,0.9,0.4,1,0,0,3.8651916717906865,1.186914600997957e-5,0.5279829556213874,1.7491769668809276e-5,14.271646593020636
10,0.057,0.9,0.4,1,0,0,3.876792679998471,2.9197787279344745e-4,0.5177491772768513,0.9995072398909339,14.156076801033981
15,0.057,0.9,0.4,1,0,0,39.999226492031745,0.11290404322328024,0.999999958319986,2.1944156991526853e-8,88.21856722008178
20,0.057,0.9,0.4,1,0,0,39.99943664870151,0.11290747988984129,0.9999987212079451,2.1426124799939217e-6,88.21856574443676
5,0.025,0.9,0.4,1,0,0,5.0015698461726155,0.02174298919191814,0.5326234598982276,0.7672118226958908,15.519857617295077
10,0.025,0.9,0.4,1,0,0,5.510037560896426,0.03029622863006054,0.540008150909391,0.7466765223206275,16.708914599068045
15,0.025,0.9,0.4,1,0,0,11.487893134852861,0.01802396639320497,0.9777797342999217,0.5166570164892532,90.31427822750547
20,0.025,0.9,0.4,1,0,0,39.999999885990945,3.696334294200909e-9,0.9999999909549335,7.499825871448706e-9,89.75730794653653
5,0.1,0.9,0.4,1,0,0,1.90162444434689,3.277853974914535e-7,0.9999996738991888,2.6177303391605733e-7,47.758946589182976
10,0.1,0.9,0.4,1,0,0,4.22485814551383,0.00757901608793099,0.5330121887533934,0.02207224830956217,14.881203393155687
15,0.1,0.9,0.4,1,0,0,3.6197533205440924,2.112192993342088e-6,0.9999986759655379,1.0845931772140993e-6,37.80475397892146
20,0.1,0.9,0.4,1,0,0,3.9293794016304773,0.0014094835005559192,0.5192115317364024,0.9863164950361918,14.080893039054097
5,0.057,0.3,0.6,1,0,0,3.8666153654447877,3.804664459017282e-5,0.5179483303787159,0.9999744579953818,14.141165102350664
10,0.057,0.3,0.6,1,0,0,3.8649830323407453,4.686162417549822e-5,0.5282942281213423,2.939566067883259e-5,14.274159337466271
15,0.057,0.3,0.6,1,0,0,39.9997588699381,0.11290545270325741,0.9999995365424468,2.3947931226953045e-7,88.21854324209151
20,0.057,0.3,0.6,1,0,0,39.99940939881199,0.11289991401976535,0.999999936152156,1.7915768063536675e-6,88.21854873057755
5,0.025,0.3,0.6,1,0,0,4.218455746076357,0.007521408306730759,0.5331275692663104,0.8167339329237848,13.733691211723796
10,0.025,0.3,0.6,1,0,0,5.23344901715798,0.025855191084143747,0.5387880696876379,0.8105005473572912,16.033402946440845
15,0.025,0.3,0.6,1,0,0,3.864415771402112,2.6135596709497833e-5,0.5187939460083961,0.9999221224437547,14.13911496364339
20,0.025,0.3,0.6,1,0,0,39.99999991642913,3.415999538791681e-9,0.9999999959160919,3.165989770348432e-8,89.75730806195676
5,0.1,0.3,0.6,1,0,0,1.9016334504562682,4.600752517847084e-8,0.9999999955330339,1.1572332536680108e-9,47.75894047848569
10,0.1,0.3,0.6,1,0,0,3.864905555085867,8.647828187657858e-6,0.5281607939920719,3.572448350364077e-6,14.271435061985105
15,0.1,0.3,0.6,1,0,0,3.863519785245555,1.0849219989228498e-5,0.5182415857500271,0.9999987671551402,14.139135911882027
20,0.1,0.3,0.6,1,0,0,3.866464693271623,2.9288763231438697e-5,0.5272047359034828,8.165605909532525e-5,14.27285960917201
5,0.057,0.5,0.6,1,0,0,3.864977785247674,1.9034360011549456e-5,0.5178933862290738,0.9999814045763223,14.139358679935954
10,0.057,0.5,0.6,1,0,0,3.8640344588359254,1.386875492831452e-5,0.5179037728906117,0.9999709725990433,14.139025447862108
15,0.057,0.5,0.6,1,0,0,39.99948572981466,0.11290728588713111,0.999999535577617,1.045177382313911e-5,88.21855257968689
20,0.057,0.5,0.6,1,0,0,39.99898849190048,0.11290398389709161,0.9999999792710742,2.0716050430635846e-8,88.2185866089372
5,0.025,0.5,0.6,1,0,0,4.006477147232557,0.003102080912584293,0.5304368504767905,0.8278685502867302,13.309101884238826
10,0.025,0.5,0.6,1,0,0,3.865400100362948,2.1021531838028018e-5,0.5178301660108128,0.9999607295243496,14.139280991141082
15,0.025,0.5,0.6,1,0,0,39.99946496488395,0.11290464827948304,0.9999999763056409,9.94606715820634e-7,88.21855624832972
20,0.025,0.5,0.6,1,0,0,39.999999940189426,2.6308575318267913e-9,0.9999999946384449,1.0331918376405014e-8,89.75730754010306
5,0.1,0.5,0.6,1,0,0,1.9016433637110364,2.8499763893297114e-7,0.999999734160425,2.21532807487268e-7,47.75894637451356
10,0.1,0.5,0.6,1,0,0,3.8652887416414705,1.549720986582237e-5,0.5177684034766374,0.9999973832944824,14.139385655959716
15,0.1,0.5,0.6,1,0,0,3.867242014281429,5.9676660313368046e-5,0.5274937578827474,1.5828440827259094e-5,14.274941809077442
20,0.1,0.5,0.6,1,0,0,4.5863772900994215,0.014606507005095914,0.5339422554191451,0.7674061553422005,14.598989629352795
5,0.057,0.7,0.6,1,0,0,3.8699152700063877,1.822397006164267e-4,0.5282559866977825,0.831589822060975,13.073580754862292
10,0.057,0.7,0.6,1,0,0,3.8642158707451735,2.711635955082725e-5,0.5186157942876652,0.9999786171495108,14.140002052558353
15,0.057,0.7,0.6,1,0,0,39.99969464886367,0.11290105522805455,0.9999992150450936,5.139078925187057e-7,88.21855002756048
20,0.057,0.7,0.6,1,0,0,39.99945766679517,0.11290178713286048,0.9999999821570003,2.2204783844959053e-8,88.21855252729036
5,0.025,0.7,0.6,1,0,0,3.870011620217253,1.7995912044566076e-4,0.5268307147664445,0.8349303479952838,13.074435450508496
10,0.025,0.7,0.6,1,0,0,3.8668976599774707,5.039084216212908e-5,0.5176061585919977,0.9998813835944705,14.140682270402435
15,0.025,0.7,0.6,1,0,0,11.443927823891233,0.017728756673439428,0.9825025700012862,0.5146248805317246,90.30056198439777
20,0.025,0.7,0.6,1,0,0,39.999999940189426,2.6308575318267913e-9,0.999999994638445,1.0331918376405014e-8,89.75730754043975
5,0.1,0.7,0.6,1,0,0,1.9016834604036603,6.827771537043503e-8,0.9999999907393978,9.838881376289521e-9,47.75894052441971
10,0.1,0.7,0.6,1,0,0,3.8667836998201954,4.85634636667176e-5,0.5280362233593405,8.261575281015565e-5,14.273771948000482
15,0.1,0.7,0.6,1,0,0,3.865386024624553,2.5131016196111577e-5,0.528236870185281,5.278357594828975e-5,14.272323540247024
20,0.1,0.7,0.6,1,0,0,3.864099992870962,1.7262629874781332e-5,0.5178778096530231,0.9999759431625848,14.139521043902128
5,0.057,0.9,0.6,1,0,0,3.866962722742926,5.001422971706582e-5,0.5277058862748002,3.122224388713013e-5,14.274368378748182
10,0.057,0.9,0.6,1,0,0,3.8650043945447,2.1257149589781754e-5,0.5183923218797261,0.9999554879473318,14.139212388251439
15,0.057,0.9,0.6,1,0,0,39.99958670712802,0.11290885404815193,0.9999918973406317,2.527481899161632e-6,88.21857136381543
20,0.057,0.9,0.6,1,0,0,39.99964018180136,0.11290540264854698,0.9999990185406002,5.449067423390908e-7,88.21855129470347
5,0.025,0.9,0.6,1,0,0,3.8660671419081583,3.067762077862968e-5,0.5277133264686289,8.293586321900248e-5,14.27286665904228
10,0.025,0.9,0.6,1,0,0,5.486459463067805,0.029963089884287697,0.5389828041650961,0.8256838333268761,16.645372308215727
15,0.025,0.9,0.6,1,0,0,39.99924596858332,0.11290456076788902,0.9999997208693905,0.3036642242339633,88.08349953899541
20,0.025,0.9,0.6,1,0,0,39.999999885990945,3.696334294200909e-9,0.9999999909549335,7.49982603798216e-9,89.75730794653653
5,0.1,0.9,0.6,1,0,0,1.901655839994878,9.274521772795197e-8,0.9999998608772416,3.338772514016597e-8,47.75894141705232
10,0.1,0.9,0.6,1,0,0,4.036475285931742,0.0037038369933789506,0.5213651124465793,0.9929401148229795,14.378011230742354
15,0.1,0.9,0.6,1,0,0,3.8659275042589747,4.076396024599305e-5,0.5178073761415259,0.9999829721822298,14.141448246873267
20,0.1,0.9,0.6,1,0,0,3.863586301148003,1.2973077259559318e-5,0.5185088677246765,0.9999954146944947,14.139190579802202
5,0.057,0.3,0.8,1,0,0,3.885017160670632,5.412483981986904e-4,0.5264091046490833,0.8345205006441304,13.105783835425246
10,0.057,0.3,0.8,1,0,0,3.864600041106785,1.3344005828752614e-5,0.5182794498744839,0.99997768287919,14.13889943734317
15,0.057,0.3,0.8,1,0,0,39.99975009660746,0.11290746585168393,0.9999981422220487,7.042186364047964e-7,88.21854827593718
20,0.057,0.3,0.8,1,0,0,39.999318974474946,0.11290829163845412,0.9999999566876859,3.389494879213473e-8,88.21856929294415
5,0.025,0.3,0.8,1,0,0,3.9791089598233587,0.002531451334140733,0.5297410463513258,0.8256150966966639,13.261451012828063
10,0.025,0.3,0.8,1,0,0,5.252482048199425,0.026213944994115113,0.5400280076440224,0.8091051277213454,16.084257254102155
15,0.025,0.3,0.8,1,0,0,3.864541148289,1.6048296479775903e-5,0.51797082396262,0.9999833843458553,14.139269139309881
20,0.025,0.3,0.8,1,0,0,39.999999905352716,3.262272396664656e-9,0.9999999972556579,6.6738318205139535e-9,89.75730802403989
5,0.1,0.3,0.8,1,0,0,1.9016330651121138,3.4892520334173227e-7,0.9999998995201329,3.9984871691434165e-8,47.75894748303557
10,0.1,0.3,0.8,1,0,0,4.670250992255132,0.016255935612351946,0.5393277973350432,0.7905773643748196,14.759146355393193
15,0.1,0.3,0.8,1,0,0,3.8668117397844126,1.1772670181925404e-4,0.5295379872860878,0.8405187617352221,13.069435386068639
20,0.1,0.3,0.8,1,0,0,3.8656979399963154,3.236260640582245e-5,0.5281185811051738,7.137365945947272e-5,14.272985228431889
5,0.057,0.5,0.8,1,0,0,4.56833221313328,0.014438497478866219,0.5384860980957301,0.7948642696486095,14.536691691470914
10,0.057,0.5,0.8,1,0,0,3.867101903744099,5.273448409864878e-5,0.5180264538903531,0.9999260938623874,14.141625622452608
15,0.057,0.5,0.8,1,0,0,39.998428222975384,0.11290761616023265,0.9999999436350575,0.9999991215577216,88.9854933982244
20,0.057,0.5,0.8,1,0,0,39.999282771303726,0.11290904764509635,0.9999999331595191,4.854209563198708e-7,88.21855741744974
5,0.025,0.5,0.8,1,0,0,3.8637083900813507,5.200444963388007e-5,0.5285233494549872,0.8379343043837097,13.063211213521837
10,0.025,0.5,0.8,1,0,0,3.8692095481844357,1.1069806954544514e-4,0.5176342506060113,0.9997450070893175,14.143990950083856
15,0.025,0.5,0.8,1,0,0,11.52380561445479,0.018258483444982154,0.9810959042810925,0.5132410863788015,90.30056041874084
20,0.025,0.5,0.8,1,0,0,39.99999968906971,1.2808787752671691e-8,0.9999999503266706,1.734961904698018e-7,89.75730954602571
5,0.1,0.5,0.8,1,0,0,1.9016663484187712,4.599666492133281e-8,0.999999997593592,3.03762753839365e-9,47.75894048366214
10,0.1,0.5,0.8,1,0,0,3.8658883833185276,4.013215168779949e-5,0.5287673298860787,2.7185232563509132e-5,14.273634755324792
15,0.1,0.5,0.8,1,0,0,4.616412035074857,0.015170648769698147,0.5381869231858638,0.6612591509256736,14.955902780651062
20,0.1,0.5,0.8,1,0,0,3.8659734455860506,4.366428602764483e-5,0.5282334137294195,1.6919307109286574e-5,14.273794499418347
5,0.057,0.7,0.8,1,0,0,3.877654419670753,3.113086603009907e-4,0.5264595624955308,0.8391611255110765,13.083944957835609
10,0.057,0.7,0.8,1,0,0,3.864610734490168,2.986539608079708e-5,0.5182504197749125,0.9999901399091036,14.14053362425277
15,0.057,0.7,0.8,1,0,0,39.999548886801584,0.11290704337898544,0.9999998356805625,9.58216176960569e-8,88.21855558591218
20,0.057,0.7,0.8,1,0,0,39.999622959637705,0.1129083032617646,0.9999996893578444,7.278623960771391e-7,88.21855171317944
5,0.025,0.7,0.8,1,0,0,3.86613519124851,1.1672102221060854e-4,0.5282090719178665,0.837773247112198,13.068257043319798
10,0.025,0.7,0.8,1,0,0,3.8718574524853278,2.4330413654205518e-4,0.5277506816931065,0.8390491166574772,13.078317680069016
15,0.025,0.7,0.8,1,0,0,39.99958676031794,0.11290754694754479,0.999999992668589,4.66761531980886e-6,88.21856221472765
20,0.025,0.7,0.8,1,0,0,39.99999966648868,1.2291259454677572e-8,0.9999999473074438,1.4422856536855377e-7,89.75730945774863
5,0.1,0.7,0.8,1,0,0,1.9016974037104784,8.526170797162891e-8,0.9999999963116526,4.850130130851227e-9,47.75894133841311
10,0.1,0.7,0.8,1,0,0,3.8656318722305083,2.188636706890179e-5,0.5177983658978268,0.9999771181361352,14.139564821860533
15,0.1,0.7,0.8,1,0,0,3.865910361509972,3.4327813615231406e-5,0.5282081029757367,3.4877159512114453e-6,14.273048914821818
20,0.1,0.7,0.8,1,0,0,3.86526923246028,9.40725481984872e-6,0.5175719742203242,0.9999938747617563,14.138697439039925
5,0.057,0.9,0.8,1,0,0,3.8646986639437686,2.4451314168449922e-5,0.5181580549977333,0.9999892785992741,14.140095129393933
10,0.057,0.9,0.8,1,0,0,3.8651789314384977,2.1788965881619493e-5,0.5176916566883086,0.9999908774513684,14.139773907169435
15,0.057,0.9,0.8,1,0,0,39.99890927680249,0.11290054909848318,0.9999991749464918,4.731099302324182e-7,88.21858269486209
20,0.057,0.9,0.8,1,0,0,39.99930568078423,0.11290622309144693,0.9999995280604517,9.637163701281537e-6,88.21856121709702
5,0.025,0.9,0.8,1,0,0,3.8661701275336724,1.0666702823031171e-4,0.528066316378743,0.8433587524543168,13.068686151305739
10,0.025,0.9,0.8,1,0,0,3.866270777913783,3.6244447193634066e-5,0.5172469705169143,0.9999844773843372,14.141138500050873
15,0.025,0.9,0.8,1,0,0,39.975574202028156,0.11285564711453633,0.9999990315039264,0.30457536722672074,88.08464680273845
20,0.025,0.9,0.8,1,0,0,39.999999638862306,1.0935572614112488e-8,0.9999999492532091,1.1782922165748388e-7,89.75730896014824
5,0.1,0.9,0.8,1,0,0,1.9016476671903626,2.1792482962634807e-7,0.9999998846489042,6.937753060931584e-8,47.75894411954673
10,0.1,0.9,0.8,1,0,0,3.865419618761361,1.532604032516982e-5,0.5176270178313387,0.9999913061070269,14.139355769443195
15,0.1,0.9,0.8,1,0,0,3.8961564243612257,7.107759397010915e-4,0.5186812478707267,0.9945494038129572,14.12528614259499
20,0.1,0.9,0.8,1,0,0,3.8679918664870017,6.462037870924586e-5,0.5176677517703854,0.9999760999046025,14.143155699004275
5,0.057,0.3,1,1,0,0,5,0.9999999999999998,0.3,1,52.53241954902314
10,0.057,0.3,1,1,0,0,10,0.9999999999999998,0.3,1,52.532419492005126
15,0.057,0.3,1,1,0,0,15,0.9999999999999998,0.3,1,52.53241943514507
20,0.057,0.3,1,1,0,0,20,0.9999999999999998,0.3,1,52.532419369837065
5,0.025,0.3,1,1,0,0,4.792518912157666,0.024912166821011605,0.9999999999999997,1,43.15710290592478
10,0.025,0.3,1,1,0,0,39.999999999999986,0.9999999999999997,0.9999999999999997,1,52.532418774392376
15,0.025,0.3,1,1,0,0,39.999999999999986,0.9999999999999997,0.9999999999999997,1,52.532418774392376
20,0.025,0.3,1,1,0,0,39.999999999999986,0.9999999999999997,0.9999999999999997,1,52.532418774392376
5,0.1,0.3,1,1,0,0,5,0.9999999999999998,0.3,1,52.53241954902314
10,0.1,0.3,1,1,0,0,10,0.9999999999999998,0.3,1,52.532419492005126
15,0.1,0.3,1,1,0,0,15,0.9999999999999998,0.3,1,52.53241943514507
20,0.1,0.3,1,1,0,0,20,0.9999999999999998,0.3,1,52.532419369837065
5,0.057,0.5,1,1,0,0,5,0.9999999999999998,0.5,1,52.53241954026461
10,0.057,0.5,1,1,0,0,10,0.9999999999999998,0.5,1,52.532419468690634
15,0.057,0.5,1,1,0,0,15,0.9999999999999998,0.5,1,52.53241940226398
20,0.057,0.5,1,1,0,0,20,0.9999999999999998,0.5,1,52.53241933403374
5,0.025,0.5,1,1,0,0,4.999999994070496,0.02499999999758018,0.5722896904956745,1,19.380876201306407
10,0.025,0.5,1,1,0,0,39.999999999999986,0.9999999999999997,0.9999999999999997,1,52.532418774392376
15,0.025,0.5,1,1,0,0,39.999999999999986,0.9999999999999997,0.9999999999999997,1,52.532418774392376
20,0.025,0.5,1,1,0,0,39.999999999999986,0.9999999999999997,0.9999999999999997,1,52.532418774392376
5,0.1,0.5,1,1,0,0,5,0.9999999999999998,0.5,1,52.53241954026461
10,0.1,0.5,1,1,0,0,10,0.9999999999999998,0.5,1,52.532419468690634
15,0.1,0.5,1,1,0,0,15,0.9999999999999998,0.5,1,52.53241940226398
20,0.1,0.5,1,1,0,0,20,0.9999999999999998,0.5,1,52.53241933403374
5,0.057,0.7,1,1,0,0,5,0.9999999999999998,0.7,1,52.532419530264455
10,0.057,0.7,1,1,0,0,10,0.9999999999999998,0.7,1,52.532419449506136
15,0.057,0.7,1,1,0,0,15,0.9999999999999998,0.7,1,52.53241936872791
20,0.057,0.7,1,1,0,0,20,0.9999999999999998,0.7,1,52.532419290400995
5,0.025,0.7,1,1,0,0,5.0000000127434525,0.025000000005200584,0.571934893930192,1,19.381024792839693
10,0.025,0.7,1,1,0,0,39.999999999999986,0.9999999999999997,0.9999999999999997,1,52.532418774392376
15,0.025,0.7,1,1,0,0,39.999999999999986,0.9999999999999997,0.9999999999999997,1,52.532418774392376
20,0.025,0.7,1,1,0,0,39.999999999999986,0.9999999999999997,0.9999999999999997,1,52.532418774392376
5,0.1,0.7,1,1,0,0,5,0.9999999999999998,0.7,1,52.532419530264455
10,0.1,0.7,1,1,0,0,10,0.9999999999999998,0.7,1,52.532419449506136
15,0.1,0.7,1,1,0,0,15,0.9999999999999998,0.7,1,52.53241936872791
20,0.1,0.7,1,1,0,0,20,0.9999999999999998,0.7,1,52.532419290400995
5,0.057,0.9,1,1,0,0,5,0.9999999999999998,0.9,1,52.5324195206953
10,0.057,0.9,1,1,0,0,10,0.9999999999999998,0.9,1,52.532419430561184
15,0.057,0.9,1,1,0,0,15,0.9999999999999998,0.9,1,52.53241934019074
20,0.057,0.9,1,1,0,0,20,0.9999999999999998,0.9,1,52.53241924892725
5,0.025,0.9,1,1,0,0,5.000000072964528,0.025000000029776592,0.5722896762587957,1,19.38087577518791
10,0.025,0.9,1,1,0,0,39.999999999999986,0.9999999999999997,0.9999999999999997,1,52.532418774392376
15,0.025,0.9,1,1,0,0,39.999999999999986,0.9999999999999997,0.9999999999999997,1,52.532418774392376
20,0.025,0.9,1,1,0,0,39.999999999999986,0.9999999999999997,0.9999999999999997,1,52.532418774392376
5,0.1,0.9,1,1,0,0,5,0.9999999999999998,0.9,1,52.5324195206953
10,0.1,0.9,1,1,0,0,10,0.9999999999999998,0.9,1,52.532419430561184
15,0.1,0.9,1,1,0,0,15,0.9999999999999998,0.9,1,52.53241934019074
20,0.1,0.9,1,1,0,0,20,0.9999999999999998,0.9,1,52.53241924892725
